tomcat/java/org/apache/coyote/http2/HPackHuffman.java,447,462,tomcat/java/org/apache/coyote/http2/HPackHuffman.java,447,462,filtered,inner class generates the same method after decompiled,,,
tomcat/java/org/apache/tomcat/dbcp/pool2/impl/GenericKeyedObjectPool.java,814,826,tomcat/java/org/apache/tomcat/dbcp/pool2/impl/GenericKeyedObjectPool.java,814,826,filtered,inner class generates the same method after decompiled,,,
tomcat/java/org/apache/tomcat/util/net/NioBlockingSelector.java,190,201,tomcat/java/org/apache/tomcat/util/net/NioBlockingSelector.java,190,201,filtered,inner class generates the same method after decompiled,,,
tomcat/java/org/apache/juli/ClassLoaderLogManager.java,428,451,tomcat/java/org/apache/juli/ClassLoaderLogManager.java,428,451,filtered,inner class generates the same method after decompiled,,,
tomcat/java/org/apache/jasper/compiler/Generator.java,786,797,tomcat/java/org/apache/jasper/compiler/Generator.java,786,797,filtered,inner class generates the same method after decompiled,,,
tomcat/java/org/apache/tomcat/util/net/Nio2Endpoint.java,932,945,tomcat/java/org/apache/tomcat/util/net/Nio2Endpoint.java,932,945,filtered,inner class generates the same method after decompiled,,,
tomcat/java/org/apache/jasper/compiler/Validator.java,1108,1130,tomcat/java/org/apache/jasper/compiler/Validator.java,1108,1130,filtered,inner class generates the same method after decompiled,,,
tomcat/java/org/apache/catalina/valves/StuckThreadDetectionValve.java,171,181,tomcat/java/org/apache/catalina/valves/StuckThreadDetectionValve.java,171,181,filtered,inner class generates the same method after decompiled,,,
tomcat/java/org/apache/catalina/servlets/CGIServlet.java,233,244,tomcat/java/org/apache/catalina/servlets/CGIServlet.java,233,244,filtered,inner class generates the same method after decompiled,,,
tomcat/java/org/apache/catalina/filters/RemoteIpFilter.java,65,83,tomcat/java/org/apache/catalina/filters/RemoteIpFilter.java,65,83,filtered,inner class generates the same method after decompiled,,,
tomcat/java/org/apache/tomcat/dbcp/pool2/PoolUtils.java,275,284,tomcat/java/org/apache/tomcat/dbcp/pool2/PoolUtils.java,275,284,filtered,inner class generates the same method after decompiled,,,
tomcat/modules/jdbc-pool/src/main/java/org/apache/tomcat/jdbc/pool/interceptor/StatementDecoratorInterceptor.java,181,193,tomcat/modules/jdbc-pool/src/main/java/org/apache/tomcat/jdbc/pool/interceptor/StatementDecoratorInterceptor.java,181,193,filtered,inner class generates the same method after decompiled,,,
tomcat/java/javax/servlet/jsp/el/ImplicitObjectELResolver.java,405,414,tomcat/java/javax/servlet/jsp/el/ImplicitObjectELResolver.java,405,414,filtered,inner class generates the same method after decompiled,,,
tomcat/java/org/apache/tomcat/util/net/NioEndpoint.java,909,937,tomcat/java/org/apache/tomcat/util/net/NioEndpoint.java,909,937,filtered,inner class generates the same method after decompiled,,,
tomcat/modules/jdbc-pool/src/main/java/org/apache/tomcat/jdbc/pool/PoolProperties.java,636,645,tomcat/modules/jdbc-pool/src/main/java/org/apache/tomcat/jdbc/pool/PoolProperties.java,636,645,filtered,inner class generates the same method after decompiled,,,
tomcat/java/org/apache/jasper/compiler/Validator.java,1275,1335,tomcat/java/org/apache/jasper/compiler/Validator.java,1275,1335,filtered,inner class generates the same method after decompiled,,,
tomcat/java/org/apache/jasper/compiler/Generator.java,2452,2462,tomcat/java/org/apache/jasper/compiler/Generator.java,2452,2462,filtered,inner class generates the same method after decompiled,,,
tomcat/java/org/apache/tomcat/util/collections/ManagedConcurrentWeakHashMap.java,168,186,tomcat/java/org/apache/tomcat/util/collections/ManagedConcurrentWeakHashMap.java,168,186,filtered,inner class generates the same method after decompiled,,,
tomcat/java/javax/servlet/jsp/el/ImplicitObjectELResolver.java,304,318,tomcat/java/javax/servlet/jsp/el/ImplicitObjectELResolver.java,304,318,filtered,inner class generates the same method after decompiled,,,
tomcat/java/org/apache/jasper/compiler/Validator.java,978,1021,tomcat/java/org/apache/jasper/compiler/Validator.java,978,1021,filtered,inner class generates the same method after decompiled,,,
tomcat/java/org/apache/jasper/compiler/Validator.java,1175,1214,tomcat/java/org/apache/jasper/compiler/Validator.java,1175,1214,filtered,inner class generates the same method after decompiled,,,
tomcat/java/javax/websocket/CloseReason.java,43,87,tomcat/java/javax/websocket/CloseReason.java,43,87,filtered,inner class generates the same method after decompiled,,,
tomcat/webapps/examples/WEB-INF/classes/nonblocking/NumberWriter.java,61,75,tomcat/webapps/examples/WEB-INF/classes/nonblocking/NumberWriter.java,61,75,filtered,inner class generates the same method after decompiled,,,
tomcat/java/org/apache/jasper/compiler/Generator.java,3083,3105,tomcat/java/org/apache/jasper/compiler/Generator.java,3083,3105,filtered,inner class generates the same method after decompiled,,,
tomcat/java/org/apache/jasper/compiler/Validator.java,58,182,tomcat/java/org/apache/jasper/compiler/Validator.java,58,182,filtered,inner class generates the same method after decompiled,,,
tomcat/java/org/apache/catalina/core/StandardEngine.java,239,249,tomcat/java/org/apache/catalina/core/StandardEngine.java,239,249,filtered,inner class generates the same method after decompiled,,,
tomcat/java/org/apache/catalina/valves/AbstractAccessLogValve.java,81,136,tomcat/java/org/apache/catalina/valves/AbstractAccessLogValve.java,81,136,filtered,inner class generates the same method after decompiled,,,
tomcat/modules/jdbc-pool/src/main/java/org/apache/tomcat/jdbc/pool/PoolProperties.java,586,595,tomcat/modules/jdbc-pool/src/main/java/org/apache/tomcat/jdbc/pool/PoolProperties.java,586,595,filtered,inner class generates the same method after decompiled,,,
tomcat/modules/jdbc-pool/src/main/java/org/apache/tomcat/jdbc/pool/FairBlockingQueue.java,238,247,tomcat/modules/jdbc-pool/src/main/java/org/apache/tomcat/jdbc/pool/FairBlockingQueue.java,238,247,filtered,inner class generates the same method after decompiled,,,
tomcat/java/org/apache/catalina/core/StandardContext.java,2221,2242,tomcat/java/org/apache/catalina/core/StandardContext.java,2221,2242,filtered,inner class generates the same method after decompiled,,,
tomcat/java/org/apache/catalina/filters/RemoteIpFilter.java,178,195,tomcat/java/org/apache/catalina/filters/RemoteIpFilter.java,178,195,filtered,inner class generates the same method after decompiled,,,
tomcat/modules/jdbc-pool/src/main/java/org/apache/tomcat/jdbc/pool/interceptor/SlowQueryReport.java,259,287,tomcat/modules/jdbc-pool/src/main/java/org/apache/tomcat/jdbc/pool/interceptor/SlowQueryReport.java,259,287,filtered,inner class generates the same method after decompiled,,,
tomcat/java/org/apache/tomcat/util/net/Nio2Endpoint.java,589,606,tomcat/java/org/apache/tomcat/util/net/Nio2Endpoint.java,589,606,filtered,inner class generates the same method after decompiled,,,
tomcat/java/org/apache/catalina/realm/GenericPrincipal.java,106,116,tomcat/java/org/apache/catalina/realm/GenericPrincipal.java,106,116,filtered,inner class generates the same method after decompiled,,,
tomcat/java/org/apache/jasper/compiler/Validator.java,783,795,tomcat/java/org/apache/jasper/compiler/Validator.java,783,795,filtered,inner class generates the same method after decompiled,,,
tomcat/java/org/apache/jasper/compiler/Validator.java,629,689,tomcat/java/org/apache/jasper/compiler/Validator.java,629,689,filtered,inner class generates the same method after decompiled,,,
tomcat/java/org/apache/jasper/compiler/Generator.java,2312,2393,tomcat/java/org/apache/jasper/compiler/Generator.java,2312,2393,filtered,inner class generates the same method after decompiled,,,
tomcat/java/org/apache/jasper/compiler/Node.java,1259,1268,tomcat/java/org/apache/jasper/compiler/Node.java,1259,1268,filtered,inner class generates the same method after decompiled,,,
tomcat/modules/jdbc-pool/src/main/java/org/apache/tomcat/jdbc/pool/FairBlockingQueue.java,249,262,tomcat/modules/jdbc-pool/src/main/java/org/apache/tomcat/jdbc/pool/FairBlockingQueue.java,249,262,filtered,inner class generates the same method after decompiled,,,
tomcat/java/org/apache/tomcat/util/descriptor/tld/TldRuleSet.java,130,170,tomcat/java/org/apache/tomcat/util/descriptor/tld/TldRuleSet.java,130,170,filtered,inner class generates the same method after decompiled,,,
tomcat/java/org/apache/tomcat/util/net/Nio2Endpoint.java,363,413,tomcat/java/org/apache/tomcat/util/net/Nio2Endpoint.java,363,413,filtered,inner class generates the same method after decompiled,,,
tomcat/java/org/apache/catalina/valves/AbstractAccessLogValve.java,442,460,tomcat/java/org/apache/catalina/valves/AbstractAccessLogValve.java,442,460,filtered,inner class generates the same method after decompiled,,,
tomcat/java/org/apache/coyote/http11/Http11OutputBuffer.java,62,71,tomcat/java/org/apache/coyote/http11/Http11OutputBuffer.java,62,71,filtered,inner class generates the same method after decompiled,,,
tomcat/java/org/apache/tomcat/util/net/Nio2Endpoint.java,1035,1044,tomcat/java/org/apache/tomcat/util/net/Nio2Endpoint.java,1035,1044,filtered,inner class generates the same method after decompiled,,,
tomcat/java/org/apache/jasper/compiler/ELFunctionMapper.java,180,195,tomcat/java/org/apache/jasper/compiler/ELFunctionMapper.java,180,195,filtered,inner class generates the same method after decompiled,,,
tomcat/java/org/apache/jasper/compiler/PageDataImpl.java,365,382,tomcat/java/org/apache/jasper/compiler/PageDataImpl.java,365,382,filtered,inner class generates the same method after decompiled,,,
tomcat/java/org/apache/jasper/servlet/TldScanner.java,221,249,tomcat/java/org/apache/jasper/servlet/TldScanner.java,221,249,filtered,inner class generates the same method after decompiled,,,
tomcat/java/org/apache/jasper/compiler/Collector.java,62,104,tomcat/java/org/apache/jasper/compiler/Collector.java,62,104,filtered,inner class generates the same method after decompiled,,,
tomcat/java/org/apache/tomcat/util/collections/ManagedConcurrentWeakHashMap.java,40,59,tomcat/java/org/apache/tomcat/util/collections/ManagedConcurrentWeakHashMap.java,40,59,filtered,inner class generates the same method after decompiled,,,
tomcat/java/org/apache/tomcat/util/net/Nio2Endpoint.java,986,1020,tomcat/java/org/apache/tomcat/util/net/Nio2Endpoint.java,986,1020,filtered,inner class generates the same method after decompiled,,,
tomcat/java/org/apache/tomcat/util/net/Nio2Endpoint.java,415,426,tomcat/java/org/apache/tomcat/util/net/Nio2Endpoint.java,415,426,filtered,inner class generates the same method after decompiled,,,
tomcat/java/org/apache/jasper/compiler/Node.java,1310,1321,tomcat/java/org/apache/jasper/compiler/Node.java,1310,1321,filtered,inner class generates the same method after decompiled,,,
tomcat/java/org/apache/tomcat/dbcp/pool2/PoolUtils.java,381,390,tomcat/java/org/apache/tomcat/dbcp/pool2/PoolUtils.java,381,390,filtered,inner class generates the same method after decompiled,,,
tomcat/modules/jdbc-pool/src/main/java/org/apache/tomcat/jdbc/pool/MultiLockFairBlockingQueue.java,260,273,tomcat/modules/jdbc-pool/src/main/java/org/apache/tomcat/jdbc/pool/MultiLockFairBlockingQueue.java,260,273,filtered,inner class generates the same method after decompiled,,,
tomcat/java/org/apache/catalina/tribes/group/interceptors/FragmentationInterceptor.java,141,155,tomcat/java/org/apache/catalina/tribes/group/interceptors/FragmentationInterceptor.java,141,155,filtered,inner class generates the same method after decompiled,,,
tomcat/java/org/apache/tomcat/util/net/Nio2Endpoint.java,525,559,tomcat/java/org/apache/tomcat/util/net/Nio2Endpoint.java,525,559,filtered,inner class generates the same method after decompiled,,,
tomcat/java/org/apache/catalina/servlets/CGIServlet.java,609,620,tomcat/java/org/apache/catalina/servlets/CGIServlet.java,609,620,filtered,inner class generates the same method after decompiled,,,
tomcat/java/org/apache/jasper/compiler/Validator.java,503,533,tomcat/java/org/apache/jasper/compiler/Validator.java,503,533,filtered,inner class generates the same method after decompiled,,,
tomcat/java/javax/servlet/jsp/el/ImplicitObjectELResolver.java,416,426,tomcat/java/javax/servlet/jsp/el/ImplicitObjectELResolver.java,416,426,filtered,inner class generates the same method after decompiled,,,
tomcat/java/org/apache/jasper/compiler/Validator.java,472,500,tomcat/java/org/apache/jasper/compiler/Validator.java,472,500,filtered,inner class generates the same method after decompiled,,,
tomcat/java/org/apache/jasper/compiler/Node.java,1012,1026,tomcat/java/org/apache/jasper/compiler/Node.java,1012,1026,filtered,inner class generates the same method after decompiled,,,
tomcat/java/org/apache/jasper/compiler/Generator.java,1667,1677,tomcat/java/org/apache/jasper/compiler/Generator.java,1667,1677,filtered,inner class generates the same method after decompiled,,,
tomcat/java/javax/servlet/jsp/el/ImplicitObjectELResolver.java,280,303,tomcat/java/javax/servlet/jsp/el/ImplicitObjectELResolver.java,280,303,filtered,inner class generates the same method after decompiled,,,
tomcat/java/org/apache/tomcat/util/net/NioEndpoint.java,863,876,tomcat/java/org/apache/tomcat/util/net/NioEndpoint.java,863,876,filtered,inner class generates the same method after decompiled,,,
tomcat/java/org/apache/catalina/tribes/group/GroupChannel.java,418,428,tomcat/java/org/apache/catalina/tribes/group/GroupChannel.java,418,428,filtered,inner class generates the same method after decompiled,,,
tomcat/java/org/apache/jasper/compiler/Generator.java,2141,2157,tomcat/java/org/apache/jasper/compiler/Generator.java,2141,2157,filtered,inner class generates the same method after decompiled,,,
tomcat/java/org/apache/catalina/tribes/util/ExecutorFactory.java,39,50,tomcat/java/org/apache/catalina/tribes/util/ExecutorFactory.java,39,50,filtered,inner class generates the same method after decompiled,,,
tomcat/modules/jdbc-pool/src/main/java/org/apache/tomcat/jdbc/pool/PoolProperties.java,575,585,tomcat/modules/jdbc-pool/src/main/java/org/apache/tomcat/jdbc/pool/PoolProperties.java,575,585,filtered,inner class generates the same method after decompiled,,,
tomcat/java/org/apache/catalina/filters/CsrfPreventionFilter.java,96,125,tomcat/java/org/apache/catalina/filters/CsrfPreventionFilter.java,96,125,filtered,inner class generates the same method after decompiled,,,
tomcat/java/org/apache/catalina/valves/AbstractAccessLogValve.java,63,80,tomcat/java/org/apache/catalina/valves/AbstractAccessLogValve.java,63,80,filtered,inner class generates the same method after decompiled,,,
tomcat/modules/jdbc-pool/src/main/java/org/apache/tomcat/jdbc/pool/FairBlockingQueue.java,289,299,tomcat/modules/jdbc-pool/src/main/java/org/apache/tomcat/jdbc/pool/FairBlockingQueue.java,289,299,filtered,inner class generates the same method after decompiled,,,
tomcat/java/org/apache/el/lang/FunctionMapperImpl.java,50,60,tomcat/java/org/apache/el/lang/FunctionMapperImpl.java,50,60,filtered,inner class generates the same method after decompiled,,,
tomcat/java/org/apache/catalina/tribes/group/interceptors/OrderInterceptor.java,210,240,tomcat/java/org/apache/catalina/tribes/group/interceptors/OrderInterceptor.java,210,240,filtered,inner class generates the same method after decompiled,,,
tomcat/java/org/apache/jasper/compiler/Validator.java,729,781,tomcat/java/org/apache/jasper/compiler/Validator.java,729,781,filtered,inner class generates the same method after decompiled,,,
tomcat/java/org/apache/catalina/core/StandardContext.java,2210,2220,tomcat/java/org/apache/catalina/core/StandardContext.java,2210,2220,filtered,inner class generates the same method after decompiled,,,
tomcat/java/org/apache/tomcat/websocket/server/WsWriteTimeout.java,61,72,tomcat/java/org/apache/tomcat/websocket/server/WsWriteTimeout.java,61,72,filtered,inner class generates the same method after decompiled,,,
tomcat/java/org/apache/jasper/xmlparser/XMLEncodingDetector.java,622,645,tomcat/java/org/apache/jasper/xmlparser/XMLEncodingDetector.java,622,645,filtered,inner class generates the same method after decompiled,,,
tomcat/java/javax/el/CompositeELResolver.java,149,165,tomcat/java/javax/el/CompositeELResolver.java,149,165,filtered,inner class generates the same method after decompiled,,,
tomcat/java/org/apache/el/stream/Stream.java,373,385,tomcat/java/org/apache/el/stream/Stream.java,373,385,filtered,inner class generates the same method after decompiled,,,
tomcat/java/org/apache/jasper/compiler/PageDataImpl.java,434,466,tomcat/java/org/apache/jasper/compiler/PageDataImpl.java,434,466,filtered,inner class generates the same method after decompiled,,,
tomcat/java/org/apache/tomcat/util/net/Nio2Endpoint.java,472,509,tomcat/java/org/apache/tomcat/util/net/Nio2Endpoint.java,472,509,filtered,inner class generates the same method after decompiled,,,
tomcat/java/org/apache/jasper/compiler/PageDataImpl.java,73,92,tomcat/java/org/apache/jasper/compiler/PageDataImpl.java,73,92,filtered,inner class generates the same method after decompiled,,,
tomcat/java/org/apache/catalina/webresources/Cache.java,194,204,tomcat/java/org/apache/catalina/webresources/Cache.java,194,204,filtered,inner class generates the same method after decompiled,,,
tomcat/java/org/apache/jasper/compiler/Generator.java,685,695,tomcat/java/org/apache/jasper/compiler/Generator.java,685,695,filtered,inner class generates the same method after decompiled,,,
tomcat/java/org/apache/jasper/compiler/Generator.java,765,785,tomcat/java/org/apache/jasper/compiler/Generator.java,765,785,filtered,inner class generates the same method after decompiled,,,
tomcat/java/org/apache/jasper/compiler/Generator.java,1792,1815,tomcat/java/org/apache/jasper/compiler/Generator.java,1792,1815,filtered,inner class generates the same method after decompiled,,,
tomcat/java/org/apache/jasper/xmlparser/XMLEncodingDetector.java,571,592,tomcat/java/org/apache/jasper/xmlparser/XMLEncodingDetector.java,571,592,filtered,inner class generates the same method after decompiled,,,
tomcat/java/org/apache/catalina/tribes/group/AbsoluteOrder.java,28,37,tomcat/java/org/apache/catalina/tribes/group/AbsoluteOrder.java,28,37,filtered,inner class generates the same method after decompiled,,,
tomcat/java/org/apache/tomcat/dbcp/pool2/impl/BaseGenericObjectPool.java,419,429,tomcat/java/org/apache/tomcat/dbcp/pool2/impl/BaseGenericObjectPool.java,419,429,filtered,inner class generates the same method after decompiled,,,
tomcat/java/org/apache/tomcat/util/net/Nio2Endpoint.java,915,930,tomcat/java/org/apache/tomcat/util/net/Nio2Endpoint.java,915,930,filtered,inner class generates the same method after decompiled,,,
tomcat/modules/jdbc-pool/src/main/java/org/apache/tomcat/jdbc/pool/PoolProperties.java,626,635,tomcat/modules/jdbc-pool/src/main/java/org/apache/tomcat/jdbc/pool/PoolProperties.java,626,635,filtered,inner class generates the same method after decompiled,,,
tomcat/modules/jdbc-pool/src/main/java/org/apache/tomcat/jdbc/pool/interceptor/StatementCache.java,256,278,tomcat/modules/jdbc-pool/src/main/java/org/apache/tomcat/jdbc/pool/interceptor/StatementCache.java,256,278,filtered,inner class generates the same method after decompiled,,,
tomcat/java/org/apache/jasper/compiler/Validator.java,278,292,tomcat/java/org/apache/jasper/compiler/Validator.java,278,292,filtered,inner class generates the same method after decompiled,,,
tomcat/java/org/apache/jasper/compiler/Generator.java,3024,3047,tomcat/java/org/apache/jasper/compiler/Generator.java,3024,3047,filtered,inner class generates the same method after decompiled,,,
tomcat/java/org/apache/jasper/compiler/Node.java,1340,1355,tomcat/java/org/apache/jasper/compiler/Node.java,1340,1355,filtered,inner class generates the same method after decompiled,,,
tomcat/java/org/apache/jasper/xmlparser/XMLEncodingDetector.java,594,620,tomcat/java/org/apache/jasper/xmlparser/XMLEncodingDetector.java,594,620,filtered,inner class generates the same method after decompiled,,,
tomcat/java/org/apache/jasper/compiler/Generator.java,1409,1475,tomcat/java/org/apache/jasper/compiler/Generator.java,1409,1475,filtered,inner class generates the same method after decompiled,,,
tomcat/java/javax/servlet/jsp/el/ImplicitObjectELResolver.java,428,441,tomcat/java/javax/servlet/jsp/el/ImplicitObjectELResolver.java,428,441,filtered,inner class generates the same method after decompiled,,,
tomcat/java/org/apache/catalina/tribes/group/GroupChannel.java,401,412,tomcat/java/org/apache/catalina/tribes/group/GroupChannel.java,401,412,filtered,inner class generates the same method after decompiled,,,
tomcat/java/org/apache/tomcat/util/net/Nio2Endpoint.java,858,877,tomcat/java/org/apache/tomcat/util/net/Nio2Endpoint.java,858,877,filtered,inner class generates the same method after decompiled,,,
tomcat/modules/jdbc-pool/src/main/java/org/apache/tomcat/jdbc/pool/PoolProperties.java,616,625,tomcat/modules/jdbc-pool/src/main/java/org/apache/tomcat/jdbc/pool/PoolProperties.java,616,625,filtered,inner class generates the same method after decompiled,,,
tomcat/modules/jdbc-pool/src/main/java/org/apache/tomcat/jdbc/pool/PoolProperties.java,651,660,tomcat/modules/jdbc-pool/src/main/java/org/apache/tomcat/jdbc/pool/PoolProperties.java,651,660,filtered,inner class generates the same method after decompiled,,,
tomcat/java/org/apache/jasper/compiler/Validator.java,1155,1174,tomcat/java/org/apache/jasper/compiler/Validator.java,1155,1174,filtered,inner class generates the same method after decompiled,,,
tomcat/java/org/apache/catalina/tribes/transport/PooledSender.java,143,158,tomcat/java/org/apache/catalina/tribes/transport/PooledSender.java,143,158,filtered,inner class generates the same method after decompiled,,,
tomcat/java/org/apache/catalina/core/ApplicationHttpRequest.java,433,443,tomcat/java/org/apache/catalina/core/ApplicationHttpRequest.java,433,443,filtered,inner class generates the same method after decompiled,,,
tomcat/java/org/apache/jasper/compiler/Generator.java,2463,2489,tomcat/java/org/apache/jasper/compiler/Generator.java,2463,2489,filtered,inner class generates the same method after decompiled,,,
tomcat/java/org/apache/jasper/compiler/Generator.java,799,829,tomcat/java/org/apache/jasper/compiler/Generator.java,799,829,filtered,inner class generates the same method after decompiled,,,
tomcat/java/org/apache/jasper/compiler/Generator.java,868,932,tomcat/java/org/apache/jasper/compiler/Generator.java,868,932,filtered,inner class generates the same method after decompiled,,,
tomcat/java/org/apache/catalina/servlets/CGIServlet.java,826,860,tomcat/java/org/apache/catalina/servlets/CGIServlet.java,826,860,filtered,inner class generates the same method after decompiled,,,
tomcat/java/org/apache/tomcat/util/net/NioBlockingSelector.java,202,233,tomcat/java/org/apache/tomcat/util/net/NioBlockingSelector.java,202,233,filtered,inner class generates the same method after decompiled,,,
tomcat/java/org/apache/tomcat/util/net/Nio2Endpoint.java,947,968,tomcat/java/org/apache/tomcat/util/net/Nio2Endpoint.java,947,968,filtered,inner class generates the same method after decompiled,,,
tomcat/java/org/apache/tomcat/util/net/NioBlockingSelector.java,284,293,tomcat/java/org/apache/tomcat/util/net/NioBlockingSelector.java,284,293,filtered,inner class generates the same method after decompiled,,,
tomcat/java/org/apache/tomcat/util/collections/CaseInsensitiveKeyMap.java,110,122,tomcat/java/org/apache/tomcat/util/collections/CaseInsensitiveKeyMap.java,110,122,filtered,inner class generates the same method after decompiled,,,
tomcat/java/org/apache/jasper/compiler/Validator.java,810,977,tomcat/java/org/apache/jasper/compiler/Validator.java,810,977,filtered,inner class generates the same method after decompiled,,,
tomcat/java/org/apache/catalina/authenticator/DigestAuthenticator.java,358,372,tomcat/java/org/apache/catalina/authenticator/DigestAuthenticator.java,358,372,filtered,inner class generates the same method after decompiled,,,
tomcat/java/org/apache/tomcat/util/descriptor/tld/TldRuleSet.java,253,265,tomcat/java/org/apache/tomcat/util/descriptor/tld/TldRuleSet.java,253,265,filtered,inner class generates the same method after decompiled,,,
tomcat/java/org/apache/catalina/tribes/util/ExecutorFactory.java,68,82,tomcat/java/org/apache/catalina/tribes/util/ExecutorFactory.java,68,82,filtered,inner class generates the same method after decompiled,,,
tomcat/java/org/apache/tomcat/util/http/fileupload/FileUploadBase.java,389,451,tomcat/java/org/apache/tomcat/util/http/fileupload/FileUploadBase.java,389,451,filtered,inner class generates the same method after decompiled,,,
tomcat/java/javax/servlet/jsp/el/ImplicitObjectELResolver.java,186,218,tomcat/java/javax/servlet/jsp/el/ImplicitObjectELResolver.java,186,218,filtered,inner class generates the same method after decompiled,,,
tomcat/java/org/apache/jasper/compiler/Generator.java,2095,2134,tomcat/java/org/apache/jasper/compiler/Generator.java,2095,2134,filtered,inner class generates the same method after decompiled,,,
tomcat/java/org/apache/jasper/compiler/Node.java,1030,1041,tomcat/java/org/apache/jasper/compiler/Node.java,1030,1041,filtered,inner class generates the same method after decompiled,,,
tomcat/java/org/apache/catalina/valves/ExtendedAccessLogValve.java,313,333,tomcat/java/org/apache/catalina/valves/ExtendedAccessLogValve.java,313,333,filtered,inner class generates the same method after decompiled,,,
tomcat/java/org/apache/el/lang/FunctionMapperImpl.java,90,101,tomcat/java/org/apache/el/lang/FunctionMapperImpl.java,90,101,filtered,inner class generates the same method after decompiled,,,
tomcat/java/org/apache/jasper/compiler/PageDataImpl.java,47,64,tomcat/java/org/apache/jasper/compiler/PageDataImpl.java,47,64,filtered,inner class generates the same method after decompiled,,,
tomcat/java/org/apache/jasper/compiler/Validator.java,1231,1246,tomcat/java/org/apache/jasper/compiler/Validator.java,1231,1246,filtered,inner class generates the same method after decompiled,,,
tomcat/java/org/apache/jasper/compiler/Validator.java,1247,1274,tomcat/java/org/apache/jasper/compiler/Validator.java,1247,1274,filtered,inner class generates the same method after decompiled,,,
tomcat/java/org/apache/catalina/filters/RemoteIpFilter.java,50,63,tomcat/java/org/apache/catalina/filters/RemoteIpFilter.java,50,63,filtered,inner class generates the same method after decompiled,,,
tomcat/java/org/apache/jasper/compiler/Node.java,862,887,tomcat/java/org/apache/jasper/compiler/Node.java,862,887,filtered,inner class generates the same method after decompiled,,,
tomcat/java/org/apache/jasper/compiler/Node.java,1139,1157,tomcat/java/org/apache/jasper/compiler/Node.java,1139,1157,filtered,inner class generates the same method after decompiled,,,
tomcat/java/org/apache/jasper/compiler/Node.java,206,216,tomcat/java/org/apache/jasper/compiler/Node.java,206,216,filtered,inner class generates the same method after decompiled,,,
tomcat/java/org/apache/tomcat/util/descriptor/tld/TldRuleSet.java,192,221,tomcat/java/org/apache/tomcat/util/descriptor/tld/TldRuleSet.java,192,221,filtered,inner class generates the same method after decompiled,,,
tomcat/java/org/apache/catalina/tribes/membership/Membership.java,162,171,tomcat/java/org/apache/catalina/tribes/membership/Membership.java,162,171,filtered,inner class generates the same method after decompiled,,,
tomcat/java/org/apache/jasper/compiler/Validator.java,584,606,tomcat/java/org/apache/jasper/compiler/Validator.java,584,606,filtered,inner class generates the same method after decompiled,,,
tomcat/java/javax/servlet/jsp/el/ImplicitObjectELResolver.java,334,356,tomcat/java/javax/servlet/jsp/el/ImplicitObjectELResolver.java,334,356,filtered,inner class generates the same method after decompiled,,,
tomcat/modules/jdbc-pool/src/main/java/org/apache/tomcat/jdbc/pool/ConnectionPool.java,801,826,tomcat/modules/jdbc-pool/src/main/java/org/apache/tomcat/jdbc/pool/ConnectionPool.java,801,826,filtered,inner class generates the same method after decompiled,,,
tomcat/java/org/apache/jasper/tagplugins/jstl/Util.java,227,239,tomcat/java/org/apache/jasper/tagplugins/jstl/Util.java,227,239,filtered,inner class generates the same method after decompiled,,,
tomcat/java/org/apache/tomcat/util/net/Nio2Endpoint.java,1152,1161,tomcat/java/org/apache/tomcat/util/net/Nio2Endpoint.java,1152,1161,filtered,inner class generates the same method after decompiled,,,
tomcat/java/org/apache/tomcat/dbcp/pool2/impl/LinkedBlockingDeque.java,602,615,tomcat/java/org/apache/tomcat/dbcp/pool2/impl/LinkedBlockingDeque.java,602,615,filtered,inner class generates the same method after decompiled,,,
tomcat/java/org/apache/jasper/compiler/Generator.java,2394,2451,tomcat/java/org/apache/jasper/compiler/Generator.java,2394,2451,filtered,inner class generates the same method after decompiled,,,
tomcat/java/org/apache/tomcat/dbcp/pool2/impl/BaseGenericObjectPool.java,405,417,tomcat/java/org/apache/tomcat/dbcp/pool2/impl/BaseGenericObjectPool.java,405,417,filtered,inner class generates the same method after decompiled,,,
tomcat/java/org/apache/tomcat/util/net/Nio2Endpoint.java,729,760,tomcat/java/org/apache/tomcat/util/net/Nio2Endpoint.java,729,760,filtered,inner class generates the same method after decompiled,,,
tomcat/java/org/apache/tomcat/util/net/NioBlockingSelector.java,234,283,tomcat/java/org/apache/tomcat/util/net/NioBlockingSelector.java,234,283,filtered,inner class generates the same method after decompiled,,,
tomcat/java/javax/el/Util.java,105,117,tomcat/java/javax/el/Util.java,105,117,filtered,inner class generates the same method after decompiled,,,
tomcat/java/org/apache/tomcat/dbcp/pool2/PoolUtils.java,370,379,tomcat/java/org/apache/tomcat/dbcp/pool2/PoolUtils.java,370,379,filtered,inner class generates the same method after decompiled,,,
tomcat/java/org/apache/jasper/compiler/Validator.java,404,417,tomcat/java/org/apache/jasper/compiler/Validator.java,404,417,filtered,inner class generates the same method after decompiled,,,
tomcat/java/org/apache/catalina/valves/ExtendedAccessLogValve.java,74,86,tomcat/java/org/apache/catalina/valves/ExtendedAccessLogValve.java,74,86,filtered,inner class generates the same method after decompiled,,,
tomcat/java/javax/servlet/jsp/el/ImplicitObjectELResolver.java,262,276,tomcat/java/javax/servlet/jsp/el/ImplicitObjectELResolver.java,262,276,filtered,inner class generates the same method after decompiled,,,
tomcat/java/org/apache/catalina/core/ApplicationHttpRequest.java,450,466,tomcat/java/org/apache/catalina/core/ApplicationHttpRequest.java,450,466,filtered,inner class generates the same method after decompiled,,,
tomcat/java/org/apache/tomcat/util/net/NioBlockingSelector.java,175,184,tomcat/java/org/apache/tomcat/util/net/NioBlockingSelector.java,175,184,filtered,inner class generates the same method after decompiled,,,
tomcat/java/org/apache/catalina/valves/ExtendedAccessLogValve.java,223,232,tomcat/java/org/apache/catalina/valves/ExtendedAccessLogValve.java,223,232,filtered,inner class generates the same method after decompiled,,,
tomcat/java/org/apache/jasper/compiler/Generator.java,3129,3138,tomcat/java/org/apache/jasper/compiler/Generator.java,3129,3138,filtered,inner class generates the same method after decompiled,,,
tomcat/java/org/apache/tomcat/util/net/Nio2Endpoint.java,1097,1136,tomcat/java/org/apache/tomcat/util/net/Nio2Endpoint.java,1097,1136,filtered,inner class generates the same method after decompiled,,,
tomcat/java/org/apache/jasper/compiler/Generator.java,2968,2989,tomcat/java/org/apache/jasper/compiler/Generator.java,2968,2989,filtered,inner class generates the same method after decompiled,,,
tomcat/java/org/apache/jasper/compiler/JspConfig.java,347,366,tomcat/java/org/apache/jasper/compiler/JspConfig.java,347,366,filtered,inner class generates the same method after decompiled,,,
tomcat/java/org/apache/jasper/compiler/PageDataImpl.java,96,113,tomcat/java/org/apache/jasper/compiler/PageDataImpl.java,96,113,filtered,inner class generates the same method after decompiled,,,
tomcat/java/org/apache/jasper/compiler/Generator.java,738,764,tomcat/java/org/apache/jasper/compiler/Generator.java,738,764,filtered,inner class generates the same method after decompiled,,,
tomcat/java/org/apache/jasper/compiler/Validator.java,247,277,tomcat/java/org/apache/jasper/compiler/Validator.java,247,277,filtered,inner class generates the same method after decompiled,,,
tomcat/java/org/apache/el/lang/ExpressionBuilder.java,240,249,tomcat/java/org/apache/el/lang/ExpressionBuilder.java,240,249,filtered,inner class generates the same method after decompiled,,,
tomcat/java/org/apache/jasper/compiler/Node.java,894,912,tomcat/java/org/apache/jasper/compiler/Node.java,894,912,filtered,inner class generates the same method after decompiled,,,
tomcat/java/org/apache/tomcat/util/net/Nio2Endpoint.java,831,850,tomcat/java/org/apache/tomcat/util/net/Nio2Endpoint.java,831,850,filtered,inner class generates the same method after decompiled,,,
tomcat/java/org/apache/jasper/compiler/Generator.java,1633,1665,tomcat/java/org/apache/jasper/compiler/Generator.java,1633,1665,filtered,inner class generates the same method after decompiled,,,
tomcat/java/org/apache/jasper/compiler/Generator.java,1583,1594,tomcat/java/org/apache/jasper/compiler/Generator.java,1583,1594,filtered,inner class generates the same method after decompiled,,,
tomcat/java/org/apache/jasper/compiler/Validator.java,454,470,tomcat/java/org/apache/jasper/compiler/Validator.java,454,470,filtered,inner class generates the same method after decompiled,,,
tomcat/java/org/apache/tomcat/util/net/Nio2Endpoint.java,712,723,tomcat/java/org/apache/tomcat/util/net/Nio2Endpoint.java,712,723,filtered,inner class generates the same method after decompiled,,,
tomcat/java/org/apache/catalina/valves/AbstractAccessLogValve.java,143,154,tomcat/java/org/apache/catalina/valves/AbstractAccessLogValve.java,143,154,filtered,inner class generates the same method after decompiled,,,
tomcat/java/org/apache/jasper/compiler/Validator.java,1022,1091,tomcat/java/org/apache/jasper/compiler/Validator.java,1022,1091,filtered,inner class generates the same method after decompiled,,,
tomcat/java/org/apache/catalina/core/StandardEngine.java,229,238,tomcat/java/org/apache/catalina/core/StandardEngine.java,229,238,filtered,inner class generates the same method after decompiled,,,
tomcat/java/org/apache/jasper/compiler/PageDataImpl.java,410,433,tomcat/java/org/apache/jasper/compiler/PageDataImpl.java,410,433,filtered,inner class generates the same method after decompiled,,,
tomcat/java/org/apache/jasper/compiler/Generator.java,1989,2041,tomcat/java/org/apache/jasper/compiler/Generator.java,1989,2041,filtered,inner class generates the same method after decompiled,,,
tomcat/java/org/apache/juli/AsyncFileHandler.java,94,106,tomcat/java/org/apache/juli/AsyncFileHandler.java,94,106,filtered,inner class generates the same method after decompiled,,,
tomcat/java/org/apache/tomcat/util/net/Nio2Endpoint.java,970,981,tomcat/java/org/apache/tomcat/util/net/Nio2Endpoint.java,970,981,filtered,inner class generates the same method after decompiled,,,
tomcat/java/org/apache/catalina/authenticator/SpnegoAuthenticator.java,330,341,tomcat/java/org/apache/catalina/authenticator/SpnegoAuthenticator.java,330,341,filtered,inner class generates the same method after decompiled,,,
tomcat/java/org/apache/catalina/tribes/transport/PooledSender.java,98,123,tomcat/java/org/apache/catalina/tribes/transport/PooledSender.java,98,123,filtered,inner class generates the same method after decompiled,,,
tomcat/java/org/apache/catalina/valves/ExtendedAccessLogValve.java,254,294,tomcat/java/org/apache/catalina/valves/ExtendedAccessLogValve.java,254,294,filtered,inner class generates the same method after decompiled,,,
tomcat/java/org/apache/jasper/compiler/Generator.java,1954,1988,tomcat/java/org/apache/jasper/compiler/Generator.java,1954,1988,filtered,inner class generates the same method after decompiled,,,
tomcat/java/org/apache/catalina/tribes/group/RpcChannel.java,187,202,tomcat/java/org/apache/catalina/tribes/group/RpcChannel.java,187,202,filtered,inner class generates the same method after decompiled,,,
tomcat/java/org/apache/tomcat/util/net/Nio2Endpoint.java,1046,1055,tomcat/java/org/apache/tomcat/util/net/Nio2Endpoint.java,1046,1055,filtered,inner class generates the same method after decompiled,,,
tomcat/java/javax/el/Util.java,562,574,tomcat/java/javax/el/Util.java,562,574,filtered,inner class generates the same method after decompiled,,,
tomcat/java/org/apache/tomcat/util/digester/Digester.java,60,69,tomcat/java/org/apache/tomcat/util/digester/Digester.java,60,69,filtered,inner class generates the same method after decompiled,,,
tomcat/java/org/apache/tomcat/util/net/NioEndpoint.java,939,961,tomcat/java/org/apache/tomcat/util/net/NioEndpoint.java,939,961,filtered,inner class generates the same method after decompiled,,,
tomcat/java/org/apache/jasper/compiler/Validator.java,797,809,tomcat/java/org/apache/jasper/compiler/Validator.java,797,809,filtered,inner class generates the same method after decompiled,,,
tomcat/java/org/apache/catalina/filters/AddDefaultCharsetFilter.java,56,67,tomcat/java/org/apache/catalina/filters/AddDefaultCharsetFilter.java,56,67,filtered,inner class generates the same method after decompiled,,,
tomcat/java/org/apache/catalina/authenticator/DigestAuthenticator.java,239,335,tomcat/java/org/apache/catalina/authenticator/DigestAuthenticator.java,239,335,filtered,inner class generates the same method after decompiled,,,
tomcat/java/org/apache/catalina/authenticator/BasicAuthenticator.java,98,122,tomcat/java/org/apache/catalina/authenticator/BasicAuthenticator.java,98,122,filtered,inner class generates the same method after decompiled,,,
tomcat/java/org/apache/jasper/compiler/Generator.java,2571,2607,tomcat/java/org/apache/jasper/compiler/Generator.java,2571,2607,filtered,inner class generates the same method after decompiled,,,
tomcat/java/org/apache/jasper/compiler/Validator.java,564,582,tomcat/java/org/apache/jasper/compiler/Validator.java,564,582,filtered,inner class generates the same method after decompiled,,,
tomcat/java/org/apache/jasper/compiler/Generator.java,2283,2311,tomcat/java/org/apache/jasper/compiler/Generator.java,2283,2311,filtered,inner class generates the same method after decompiled,,,
tomcat/java/org/apache/jasper/compiler/Generator.java,150,162,tomcat/java/org/apache/jasper/compiler/Generator.java,150,162,filtered,inner class generates the same method after decompiled,,,
tomcat/java/org/apache/catalina/tribes/group/AbsoluteOrder.java,47,59,tomcat/java/org/apache/catalina/tribes/group/AbsoluteOrder.java,47,59,filtered,inner class generates the same method after decompiled,,,
tomcat/java/org/apache/tomcat/dbcp/pool2/PoolUtils.java,175,189,tomcat/java/org/apache/tomcat/dbcp/pool2/PoolUtils.java,175,189,filtered,inner class generates the same method after decompiled,,,
tomcat/java/org/apache/jasper/compiler/TextOptimizer.java,41,54,tomcat/java/org/apache/jasper/compiler/TextOptimizer.java,41,54,filtered,inner class generates the same method after decompiled,,,
tomcat/java/org/apache/catalina/tribes/group/AbsoluteOrder.java,63,72,tomcat/java/org/apache/catalina/tribes/group/AbsoluteOrder.java,63,72,filtered,inner class generates the same method after decompiled,,,
tomcat/java/org/apache/jasper/compiler/Generator.java,1363,1407,tomcat/java/org/apache/jasper/compiler/Generator.java,1363,1407,filtered,inner class generates the same method after decompiled,,,
tomcat/modules/jdbc-pool/src/main/java/org/apache/tomcat/jdbc/pool/interceptor/SlowQueryReport.java,311,323,tomcat/modules/jdbc-pool/src/main/java/org/apache/tomcat/jdbc/pool/interceptor/SlowQueryReport.java,311,323,filtered,inner class generates the same method after decompiled,,,
tomcat/java/org/apache/catalina/authenticator/SpnegoAuthenticator.java,271,322,tomcat/java/org/apache/catalina/authenticator/SpnegoAuthenticator.java,271,322,filtered,inner class generates the same method after decompiled,,,
tomcat/java/org/apache/el/lang/ExpressionBuilder.java,218,230,tomcat/java/org/apache/el/lang/ExpressionBuilder.java,218,230,filtered,inner class generates the same method after decompiled,,,
tomcat/java/javax/servlet/jsp/el/ImplicitObjectELResolver.java,357,391,tomcat/java/javax/servlet/jsp/el/ImplicitObjectELResolver.java,357,391,filtered,inner class generates the same method after decompiled,,,
tomcat/java/org/apache/catalina/valves/AbstractAccessLogValve.java,155,173,tomcat/java/org/apache/catalina/valves/AbstractAccessLogValve.java,155,173,filtered,inner class generates the same method after decompiled,,,
tomcat/java/org/apache/jasper/compiler/ELFunctionMapper.java,199,214,tomcat/java/org/apache/jasper/compiler/ELFunctionMapper.java,199,214,filtered,inner class generates the same method after decompiled,,,
tomcat/modules/jdbc-pool/src/main/java/org/apache/tomcat/jdbc/pool/PoolProperties.java,606,615,tomcat/modules/jdbc-pool/src/main/java/org/apache/tomcat/jdbc/pool/PoolProperties.java,606,615,filtered,inner class generates the same method after decompiled,,,
tomcat/java/javax/servlet/jsp/el/ImplicitObjectELResolver.java,236,261,tomcat/java/javax/servlet/jsp/el/ImplicitObjectELResolver.java,236,261,filtered,inner class generates the same method after decompiled,,,
tomcat/java/org/apache/catalina/valves/ExtendedAccessLogValve.java,295,312,tomcat/java/org/apache/catalina/valves/ExtendedAccessLogValve.java,295,312,filtered,inner class generates the same method after decompiled,,,
tomcat/java/org/apache/jasper/compiler/Generator.java,2042,2094,tomcat/java/org/apache/jasper/compiler/Generator.java,2042,2094,filtered,inner class generates the same method after decompiled,,,
tomcat/java/org/apache/jasper/compiler/Validator.java,1215,1225,tomcat/java/org/apache/jasper/compiler/Validator.java,1215,1225,filtered,inner class generates the same method after decompiled,,,
tomcat/java/org/apache/naming/factory/DataSourceLinkFactory.java,73,90,tomcat/java/org/apache/naming/factory/DataSourceLinkFactory.java,73,90,filtered,inner class generates the same method after decompiled,,,
tomcat/modules/jdbc-pool/src/main/java/org/apache/tomcat/jdbc/pool/interceptor/StatementDecoratorInterceptor.java,140,179,tomcat/modules/jdbc-pool/src/main/java/org/apache/tomcat/jdbc/pool/interceptor/StatementDecoratorInterceptor.java,140,179,filtered,inner class generates the same method after decompiled,,,
tomcat/java/org/apache/catalina/ha/deploy/WarWatcher.java,19,54,tomcat/java/org/apache/catalina/ha/deploy/WarWatcher.java,19,54,filtered,inner class generates the same method after decompiled,,,
tomcat/java/org/apache/jasper/compiler/Validator.java,607,626,tomcat/java/org/apache/jasper/compiler/Validator.java,607,626,filtered,inner class generates the same method after decompiled,,,
tomcat/java/javax/servlet/jsp/el/ImplicitObjectELResolver.java,163,185,tomcat/java/javax/servlet/jsp/el/ImplicitObjectELResolver.java,163,185,filtered,inner class generates the same method after decompiled,,,
tomcat/java/org/apache/tomcat/util/net/Nio2Endpoint.java,762,778,tomcat/java/org/apache/tomcat/util/net/Nio2Endpoint.java,762,778,filtered,inner class generates the same method after decompiled,,,
tomcat/java/org/apache/jasper/runtime/JspFactoryImpl.java,98,109,tomcat/java/org/apache/jasper/runtime/JspFactoryImpl.java,98,109,filtered,inner class generates the same method after decompiled,,,
tomcat/java/org/apache/tomcat/util/http/fileupload/FileUploadBase.java,460,472,tomcat/java/org/apache/tomcat/util/http/fileupload/FileUploadBase.java,460,472,filtered,inner class generates the same method after decompiled,,,
tomcat/java/org/apache/jasper/compiler/PageDataImpl.java,391,404,tomcat/java/org/apache/jasper/compiler/PageDataImpl.java,391,404,filtered,inner class generates the same method after decompiled,,,
tomcat/java/org/apache/jasper/compiler/Node.java,1078,1096,tomcat/java/org/apache/jasper/compiler/Node.java,1078,1096,filtered,inner class generates the same method after decompiled,,,
tomcat/java/org/apache/catalina/authenticator/DigestAuthenticator.java,213,238,tomcat/java/org/apache/catalina/authenticator/DigestAuthenticator.java,213,238,filtered,inner class generates the same method after decompiled,,,
tomcat/java/org/apache/catalina/servlets/CGIServlet.java,493,541,tomcat/java/org/apache/catalina/servlets/CGIServlet.java,493,541,filtered,inner class generates the same method after decompiled,,,
tomcat/java/org/apache/jasper/compiler/Generator.java,677,706,tomcat/java/org/apache/jasper/compiler/Generator.java,677,706,filtered,inner class generates the same method after decompiled,,,
tomcat/java/org/apache/jasper/compiler/Node.java,290,302,tomcat/java/org/apache/jasper/compiler/Node.java,290,302,filtered,inner class generates the same method after decompiled,,,
tomcat/java/org/apache/tomcat/util/net/Nio2Endpoint.java,882,913,tomcat/java/org/apache/tomcat/util/net/Nio2Endpoint.java,882,913,filtered,inner class generates the same method after decompiled,,,
tomcat/java/org/apache/jasper/compiler/PageDataImpl.java,308,354,tomcat/java/org/apache/jasper/compiler/PageDataImpl.java,308,354,filtered,inner class generates the same method after decompiled,,,
tomcat/modules/jdbc-pool/src/main/java/org/apache/tomcat/jdbc/pool/PoolProperties.java,596,605,tomcat/modules/jdbc-pool/src/main/java/org/apache/tomcat/jdbc/pool/PoolProperties.java,596,605,filtered,inner class generates the same method after decompiled,,,
tomcat/java/org/apache/jasper/compiler/Generator.java,2490,2519,tomcat/java/org/apache/jasper/compiler/Generator.java,2490,2519,filtered,inner class generates the same method after decompiled,,,
tomcat/java/org/apache/jasper/compiler/Validator.java,691,727,tomcat/java/org/apache/jasper/compiler/Validator.java,691,727,filtered,inner class generates the same method after decompiled,,,
tomcat/java/org/apache/coyote/http2/HpackEncoder.java,255,264,tomcat/java/org/apache/coyote/http2/HpackEncoder.java,255,264,filtered,inner class generates the same method after decompiled,,,
tomcat/java/org/apache/jasper/runtime/JspContextWrapper.java,404,423,tomcat/java/org/apache/jasper/runtime/JspContextWrapper.java,404,423,filtered,inner class generates the same method after decompiled,,,
tomcat/java/javax/servlet/jsp/el/ImplicitObjectELResolver.java,219,235,tomcat/java/javax/servlet/jsp/el/ImplicitObjectELResolver.java,219,235,filtered,inner class generates the same method after decompiled,,,
tomcat/java/javax/servlet/jsp/el/ImplicitObjectELResolver.java,319,333,tomcat/java/javax/servlet/jsp/el/ImplicitObjectELResolver.java,319,333,filtered,inner class generates the same method after decompiled,,,
tomcat/java/org/apache/catalina/authenticator/SpnegoAuthenticator.java,345,376,tomcat/java/org/apache/catalina/authenticator/SpnegoAuthenticator.java,345,376,filtered,inner class generates the same method after decompiled,,,
tomcat/java/org/apache/catalina/valves/AbstractAccessLogValve.java,461,495,tomcat/java/org/apache/catalina/valves/AbstractAccessLogValve.java,461,495,filtered,inner class generates the same method after decompiled,,,
tomcat/java/org/apache/jasper/compiler/Node.java,1290,1303,tomcat/java/org/apache/jasper/compiler/Node.java,1290,1303,filtered,inner class generates the same method after decompiled,,,
tomcat/java/org/apache/tomcat/dbcp/pool2/PoolUtils.java,264,273,tomcat/java/org/apache/tomcat/dbcp/pool2/PoolUtils.java,264,273,filtered,inner class generates the same method after decompiled,,,
tomcat/java/org/apache/jasper/compiler/Node.java,999,1011,tomcat/java/org/apache/jasper/compiler/Node.java,999,1011,filtered,inner class generates the same method after decompiled,,,
tomcat/java/org/apache/jasper/compiler/PageDataImpl.java,355,364,tomcat/java/org/apache/jasper/compiler/PageDataImpl.java,355,364,filtered,inner class generates the same method after decompiled,,,
tomcat/java/org/apache/tomcat/util/net/Nio2Endpoint.java,561,571,tomcat/java/org/apache/tomcat/util/net/Nio2Endpoint.java,561,571,filtered,inner class generates the same method after decompiled,,,
tomcat/java/org/apache/jasper/compiler/PageDataImpl.java,176,191,tomcat/java/org/apache/jasper/compiler/PageDataImpl.java,176,191,filtered,inner class generates the same method after decompiled,,,
tomcat/webapps/examples/WEB-INF/classes/async/Stockticker.java,128,138,tomcat/webapps/examples/WEB-INF/classes/async/Stockticker.java,128,138,filtered,inner class generates the same method after decompiled,,,
tomcat/java/org/apache/tomcat/dbcp/pool2/PoolUtils.java,327,336,tomcat/java/org/apache/tomcat/dbcp/pool2/PoolUtils.java,327,336,filtered,inner class generates the same method after decompiled,,,
tomcat/java/org/apache/jasper/compiler/Generator.java,635,646,tomcat/java/org/apache/jasper/compiler/Generator.java,635,646,filtered,inner class generates the same method after decompiled,,,
tomcat/java/org/apache/jasper/compiler/SmapStratum.java,43,61,tomcat/java/org/apache/jasper/compiler/SmapStratum.java,43,61,filtered,inner class generates the same method after decompiled,,,
tomcat/modules/jdbc-pool/src/main/java/org/apache/tomcat/jdbc/pool/MultiLockFairBlockingQueue.java,249,258,tomcat/modules/jdbc-pool/src/main/java/org/apache/tomcat/jdbc/pool/MultiLockFairBlockingQueue.java,249,258,filtered,inner class generates the same method after decompiled,,,
tomcat/java/org/apache/catalina/core/ApplicationHttpRequest.java,467,476,tomcat/java/org/apache/catalina/core/ApplicationHttpRequest.java,467,476,filtered,inner class generates the same method after decompiled,,,
tomcat/java/org/apache/jasper/compiler/Validator.java,184,240,tomcat/java/org/apache/jasper/compiler/Validator.java,184,240,filtered,inner class generates the same method after decompiled,,,
tomcat/java/org/apache/jasper/compiler/Node.java,1066,1077,tomcat/java/org/apache/jasper/compiler/Node.java,1066,1077,filtered,inner class generates the same method after decompiled,,,
tomcat/java/org/apache/tomcat/util/net/NioEndpoint.java,878,896,tomcat/java/org/apache/tomcat/util/net/NioEndpoint.java,878,896,filtered,inner class generates the same method after decompiled,,,
tomcat/java/org/apache/jasper/compiler/Node.java,1356,1375,tomcat/java/org/apache/jasper/compiler/Node.java,1356,1375,filtered,inner class generates the same method after decompiled,,,
tomcat/java/org/apache/jasper/compiler/PageDataImpl.java,279,307,tomcat/java/org/apache/jasper/compiler/PageDataImpl.java,279,307,filtered,inner class generates the same method after decompiled,,,
tomcat/java/org/apache/tomcat/util/net/Nio2Endpoint.java,511,521,tomcat/java/org/apache/tomcat/util/net/Nio2Endpoint.java,511,521,filtered,inner class generates the same method after decompiled,,,
tomcat/java/org/apache/el/util/ReflectionUtil.java,339,351,tomcat/java/org/apache/el/util/ReflectionUtil.java,339,351,filtered,inner class generates the same method after decompiled,,,
tomcat/java/org/apache/jasper/compiler/Collector.java,106,118,tomcat/java/org/apache/jasper/compiler/Collector.java,106,118,filtered,inner class generates the same method after decompiled,,,
tomcat/java/org/apache/jasper/xmlparser/XMLEncodingDetector.java,647,656,tomcat/java/org/apache/jasper/xmlparser/XMLEncodingDetector.java,647,656,filtered,inner class generates the same method after decompiled,,,
tomcat/java/org/apache/jasper/compiler/Generator.java,187,216,tomcat/java/org/apache/jasper/compiler/Generator.java,187,216,filtered,inner class generates the same method after decompiled,,,
tomcat/java/org/apache/catalina/filters/RemoteIpFilter.java,178,195,tomcat/java/org/apache/catalina/core/ApplicationHttpRequest.java,200,217,filtered,similar getter,,,
tomcat/webapps/examples/WEB-INF/classes/util/HTMLFilter.java,3,29,tomcat/java/org/apache/catalina/util/RequestUtil.java,3,29,,TP,,,
tomcat/java/org/apache/jasper/security/SecurityUtil.java,12,38,tomcat/java/org/apache/catalina/util/RequestUtil.java,3,29,,TP,,,