tomcat/java/org/apache/tomcat/util/collections/ConcurrentCache.java, 14, 25,tomcat/java/javax/el/BeanELResolver.java,281,292
tomcat/modules/jdbc-pool/src/main/java/org/apache/tomcat/jdbc/pool/interceptor/StatementDecoratorInterceptor.java, 181, 193,tomcat/modules/jdbc-pool/src/main/java/org/apache/tomcat/jdbc/pool/interceptor/StatementDecoratorInterceptor.java,181,193,inner class generates the same method after decompiled
tomcat/java/org/apache/tomcat/util/net/NioEndpoint.java, 909, 937,tomcat/java/org/apache/tomcat/util/net/NioEndpoint.java,909,937,inner class generates the same method after decompiled
tomcat/modules/jdbc-pool/src/main/java/org/apache/tomcat/jdbc/pool/PoolProperties.java, 636, 645,tomcat/modules/jdbc-pool/src/main/java/org/apache/tomcat/jdbc/pool/PoolProperties.java,636,645,inner class generates the same method after decompiled
tomcat/java/org/apache/jasper/compiler/Generator.java, 2452, 2462,tomcat/java/org/apache/jasper/compiler/Generator.java,2452,2462,inner class generates the same method after decompiled
tomcat/java/javax/websocket/CloseReason.java, 43, 87,tomcat/java/javax/websocket/CloseReason.java,43,87,inner class generates the same method after decompiled
tomcat/webapps/examples/WEB-INF/classes/nonblocking/NumberWriter.java, 61, 75,tomcat/webapps/examples/WEB-INF/classes/nonblocking/NumberWriter.java,61,75,inner class generates the same method after decompiled
tomcat/java/org/apache/jasper/compiler/Validator.java, 58, 182,tomcat/java/org/apache/jasper/compiler/Validator.java,58,182,inner class generates the same method after decompiled
tomcat/java/org/apache/catalina/core/StandardEngine.java, 239, 249,tomcat/java/org/apache/catalina/core/StandardEngine.java,239,249,inner class generates the same method after decompiled
tomcat/java/org/apache/catalina/valves/AbstractAccessLogValve.java, 81, 136,tomcat/java/org/apache/catalina/valves/AbstractAccessLogValve.java,81,136,inner class generates the same method after decompiled
tomcat/modules/jdbc-pool/src/main/java/org/apache/tomcat/jdbc/pool/PoolProperties.java, 586, 595,tomcat/modules/jdbc-pool/src/main/java/org/apache/tomcat/jdbc/pool/PoolProperties.java,586,595,inner class generates the same method after decompiled
tomcat/java/org/apache/catalina/filters/RemoteIpFilter.java, 178, 195,tomcat/java/org/apache/catalina/filters/RemoteIpFilter.java,178,195,inner class generates the same method after decompiled
tomcat/modules/jdbc-pool/src/main/java/org/apache/tomcat/jdbc/pool/interceptor/SlowQueryReport.java, 259, 287,tomcat/modules/jdbc-pool/src/main/java/org/apache/tomcat/jdbc/pool/interceptor/SlowQueryReport.java,259,287,inner class generates the same method after decompiled
tomcat/java/org/apache/tomcat/util/net/Nio2Endpoint.java, 589, 606,tomcat/java/org/apache/tomcat/util/net/Nio2Endpoint.java,589,606,inner class generates the same method after decompiled
tomcat/java/org/apache/catalina/realm/GenericPrincipal.java, 106, 116,tomcat/java/org/apache/catalina/realm/GenericPrincipal.java,106,116,inner class generates the same method after decompiled
tomcat/modules/jdbc-pool/src/main/java/org/apache/tomcat/jdbc/pool/FairBlockingQueue.java, 249, 262,tomcat/modules/jdbc-pool/src/main/java/org/apache/tomcat/jdbc/pool/FairBlockingQueue.java,249,262,inner class generates the same method after decompiled
tomcat/java/org/apache/coyote/http11/Http11OutputBuffer.java, 62, 71,tomcat/java/org/apache/coyote/http11/Http11OutputBuffer.java,62,71,inner class generates the same method after decompiled
tomcat/java/org/apache/jasper/compiler/ELFunctionMapper.java, 180, 195,tomcat/java/org/apache/jasper/compiler/ELFunctionMapper.java,180,195,inner class generates the same method after decompiled
tomcat/java/org/apache/jasper/servlet/TldScanner.java, 221, 249,tomcat/java/org/apache/jasper/servlet/TldScanner.java,221,249,inner class generates the same method after decompiled
tomcat/java/org/apache/jasper/compiler/Collector.java, 62, 104,tomcat/java/org/apache/jasper/compiler/Collector.java,62,104,inner class generates the same method after decompiled
tomcat/java/org/apache/tomcat/util/net/Nio2Endpoint.java, 986, 1020,tomcat/java/org/apache/tomcat/util/net/Nio2Endpoint.java,986,1020,inner class generates the same method after decompiled
tomcat/java/org/apache/tomcat/util/net/Nio2Endpoint.java, 415, 426,tomcat/java/org/apache/tomcat/util/net/Nio2Endpoint.java,415,426,inner class generates the same method after decompiled
tomcat/java/org/apache/jasper/compiler/Node.java, 1310, 1321,tomcat/java/org/apache/jasper/compiler/Node.java,1310,1321,inner class generates the same method after decompiled
tomcat/java/javax/el/Util.java, 105, 117,tomcat/java/javax/el/ExpressionFactory.java,156,168,similar equals() methods
tomcat/java/org/apache/tomcat/util/net/Nio2Endpoint.java, 525, 559,tomcat/java/org/apache/tomcat/util/net/Nio2Endpoint.java,525,559,inner class generates the same method after decompiled
tomcat/java/org/apache/catalina/servlets/CGIServlet.java, 609, 620,tomcat/java/org/apache/catalina/servlets/CGIServlet.java,609,620,inner class generates the same method after decompiled
tomcat/java/javax/servlet/jsp/el/ImplicitObjectELResolver.java, 416, 426,tomcat/java/javax/servlet/jsp/el/ImplicitObjectELResolver.java,416,426,inner class generates the same method after decompiled
tomcat/webapps/examples/WEB-INF/classes/websocket/snake/Location.java, 25, 40,tomcat/java/org/apache/coyote/http2/HPackHuffman.java,447,462,similar equals() methods
tomcat/java/org/apache/jasper/compiler/Validator.java, 472, 500,tomcat/java/org/apache/jasper/compiler/Validator.java,472,500,inner class generates the same method after decompiled
tomcat/java/org/apache/jasper/compiler/Node.java, 1012, 1026,tomcat/java/org/apache/jasper/compiler/Node.java,1012,1026,inner class generates the same method after decompiled
tomcat/java/org/apache/catalina/tribes/group/GroupChannel.java, 418, 428,tomcat/java/org/apache/catalina/tribes/group/GroupChannel.java,418,428,inner class generates the same method after decompiled
tomcat/java/org/apache/jasper/compiler/Generator.java, 2141, 2157,tomcat/java/org/apache/jasper/compiler/Generator.java,2141,2157,inner class generates the same method after decompiled
tomcat/modules/jdbc-pool/src/main/java/org/apache/tomcat/jdbc/pool/PoolProperties.java, 575, 585,tomcat/modules/jdbc-pool/src/main/java/org/apache/tomcat/jdbc/pool/PoolProperties.java,575,585,inner class generates the same method after decompiled
tomcat/java/org/apache/catalina/valves/AbstractAccessLogValve.java, 63, 80,tomcat/java/org/apache/catalina/valves/AbstractAccessLogValve.java,63,80,inner class generates the same method after decompiled
tomcat/java/org/apache/catalina/tribes/group/interceptors/OrderInterceptor.java, 210, 240,tomcat/java/org/apache/catalina/tribes/group/interceptors/OrderInterceptor.java,210,240,inner class generates the same method after decompiled
tomcat/java/org/apache/jasper/xmlparser/XMLEncodingDetector.java, 622, 645,tomcat/java/org/apache/jasper/xmlparser/XMLEncodingDetector.java,622,645,inner class generates the same method after decompiled
tomcat/java/org/apache/jasper/compiler/PageDataImpl.java, 73, 92,tomcat/java/org/apache/jasper/compiler/PageDataImpl.java,73,92,inner class generates the same method after decompiled
tomcat/java/org/apache/catalina/webresources/Cache.java, 194, 204,tomcat/java/org/apache/catalina/webresources/Cache.java,194,204,inner class generates the same method after decompiled
tomcat/java/org/apache/jasper/compiler/Generator.java, 765, 785,tomcat/java/org/apache/jasper/compiler/Generator.java,765,785,inner class generates the same method after decompiled
tomcat/java/org/apache/catalina/tribes/group/AbsoluteOrder.java, 28, 37,tomcat/java/org/apache/catalina/tribes/group/AbsoluteOrder.java,28,37,inner class generates the same method after decompiled
tomcat/java/org/apache/catalina/filters/CsrfPreventionFilter.java, 130, 141,tomcat/java/org/apache/catalina/filters/CsrfPreventionFilter.java,130,141,inner class generates the same method after decompiled
tomcat/java/org/apache/tomcat/util/net/Nio2Endpoint.java, 915, 930,tomcat/java/org/apache/tomcat/util/net/Nio2Endpoint.java,915,930,inner class generates the same method after decompiled
tomcat/java/org/apache/jasper/compiler/Generator.java, 1409, 1475,tomcat/java/org/apache/jasper/compiler/Generator.java,1409,1475,inner class generates the same method after decompiled
tomcat/java/javax/servlet/jsp/el/ImplicitObjectELResolver.java, 428, 441,tomcat/java/javax/servlet/jsp/el/ImplicitObjectELResolver.java,428,441,inner class generates the same method after decompiled
tomcat/java/org/apache/catalina/tribes/group/GroupChannel.java, 401, 412,tomcat/java/org/apache/catalina/tribes/group/GroupChannel.java,401,412,inner class generates the same method after decompiled
tomcat/modules/jdbc-pool/src/main/java/org/apache/tomcat/jdbc/pool/PoolProperties.java, 616, 625,tomcat/modules/jdbc-pool/src/main/java/org/apache/tomcat/jdbc/pool/PoolProperties.java,616,625,inner class generates the same method after decompiled
tomcat/java/org/apache/jasper/compiler/Validator.java, 1155, 1174,tomcat/java/org/apache/jasper/compiler/Validator.java,1155,1174,inner class generates the same method after decompiled
tomcat/java/org/apache/jasper/compiler/Generator.java, 799, 829,tomcat/java/org/apache/jasper/compiler/Generator.java,799,829,inner class generates the same method after decompiled
tomcat/java/org/apache/jasper/compiler/Generator.java, 868, 932,tomcat/java/org/apache/jasper/compiler/Generator.java,868,932,inner class generates the same method after decompiled
tomcat/java/org/apache/catalina/servlets/CGIServlet.java, 826, 860,tomcat/java/org/apache/catalina/servlets/CGIServlet.java,826,860,inner class generates the same method after decompiled
tomcat/java/org/apache/tomcat/util/net/Nio2Endpoint.java, 947, 968,tomcat/java/org/apache/tomcat/util/net/Nio2Endpoint.java,947,968,inner class generates the same method after decompiled
tomcat/java/org/apache/el/util/ConcurrentCache.java, 14, 25,tomcat/java/javax/el/BeanELResolver.java,281,292
tomcat/java/org/apache/tomcat/util/descriptor/tld/TldRuleSet.java, 253, 265,tomcat/java/org/apache/tomcat/util/descriptor/tld/TldRuleSet.java,253,265,inner class generates the same method after decompiled
tomcat/java/org/apache/jasper/compiler/Node.java, 1030, 1041,tomcat/java/org/apache/jasper/compiler/Node.java,1030,1041,inner class generates the same method after decompiled
tomcat/java/org/apache/jasper/compiler/Validator.java, 1247, 1274,tomcat/java/org/apache/jasper/compiler/Validator.java,1247,1274,inner class generates the same method after decompiled
tomcat/java/org/apache/catalina/filters/RemoteIpFilter.java, 50, 63,tomcat/java/org/apache/catalina/filters/RemoteIpFilter.java,50,63,inner class generates the same method after decompiled
tomcat/java/org/apache/jasper/compiler/Node.java, 1139, 1157,tomcat/java/org/apache/jasper/compiler/Node.java,1139,1157,inner class generates the same method after decompiled
tomcat/java/org/apache/jasper/compiler/Node.java, 206, 216,tomcat/java/org/apache/jasper/compiler/Node.java,206,216,inner class generates the same method after decompiled
tomcat/java/org/apache/tomcat/util/descriptor/tld/TldRuleSet.java, 192, 221,tomcat/java/org/apache/tomcat/util/descriptor/tld/TldRuleSet.java,192,221,inner class generates the same method after decompiled
tomcat/java/org/apache/jasper/compiler/Validator.java, 584, 606,tomcat/java/org/apache/jasper/compiler/Validator.java,584,606,inner class generates the same method after decompiled
tomcat/modules/jdbc-pool/src/main/java/org/apache/tomcat/jdbc/pool/ConnectionPool.java, 801, 826,tomcat/modules/jdbc-pool/src/main/java/org/apache/tomcat/jdbc/pool/ConnectionPool.java,801,826,inner class generates the same method after decompiled
tomcat/java/org/apache/jasper/tagplugins/jstl/Util.java, 227, 239,tomcat/java/org/apache/jasper/tagplugins/jstl/Util.java,227,239,inner class generates the same method after decompiled
tomcat/java/org/apache/tomcat/dbcp/pool2/impl/BaseGenericObjectPool.java, 405, 417,tomcat/java/org/apache/tomcat/dbcp/pool2/impl/BaseGenericObjectPool.java,405,417,inner class generates the same method after decompiled
tomcat/java/org/apache/tomcat/util/net/NioBlockingSelector.java, 234, 283,tomcat/java/org/apache/tomcat/util/net/NioBlockingSelector.java,234,283,inner class generates the same method after decompiled
tomcat/java/javax/el/Util.java, 105, 117,tomcat/java/javax/el/Util.java,105,117,inner class generates the same method after decompiled
tomcat/java/org/apache/catalina/valves/ExtendedAccessLogValve.java, 74, 86,tomcat/java/org/apache/catalina/valves/ExtendedAccessLogValve.java,74,86,inner class generates the same method after decompiled
tomcat/java/org/apache/jasper/compiler/Generator.java, 2968, 2989,tomcat/java/org/apache/jasper/compiler/Generator.java,2968,2989,inner class generates the same method after decompiled
tomcat/java/org/apache/jasper/compiler/JspConfig.java, 347, 366,tomcat/java/org/apache/jasper/compiler/JspConfig.java,347,366,inner class generates the same method after decompiled
tomcat/java/org/apache/jasper/compiler/Generator.java, 738, 764,tomcat/java/org/apache/jasper/compiler/Generator.java,738,764,inner class generates the same method after decompiled
tomcat/java/org/apache/jasper/compiler/Validator.java, 247, 277,tomcat/java/org/apache/jasper/compiler/Validator.java,247,277,inner class generates the same method after decompiled
tomcat/java/org/apache/jasper/compiler/Node.java, 894, 912,tomcat/java/org/apache/jasper/compiler/Node.java,894,912,inner class generates the same method after decompiled
tomcat/java/org/apache/tomcat/util/net/Nio2Endpoint.java, 831, 850,tomcat/java/org/apache/tomcat/util/net/Nio2Endpoint.java,831,850,inner class generates the same method after decompiled
tomcat/java/org/apache/catalina/tribes/tipis/AbstractReplicatedMap.java, 1256, 1265,tomcat/java/org/apache/catalina/tribes/tipis/AbstractReplicatedMap.java,1266,1275
tomcat/java/org/apache/catalina/valves/AbstractAccessLogValve.java, 143, 154,tomcat/java/org/apache/catalina/valves/AbstractAccessLogValve.java,143,154,inner class generates the same method after decompiled
tomcat/java/org/apache/jasper/compiler/Validator.java, 1022, 1091,tomcat/java/org/apache/jasper/compiler/Validator.java,1022,1091,inner class generates the same method after decompiled
tomcat/java/org/apache/juli/AsyncFileHandler.java, 94, 106,tomcat/java/org/apache/juli/AsyncFileHandler.java,94,106,inner class generates the same method after decompiled
tomcat/java/org/apache/tomcat/util/net/Nio2Endpoint.java, 970, 981,tomcat/java/org/apache/tomcat/util/net/Nio2Endpoint.java,970,981,inner class generates the same method after decompiled
tomcat/java/org/apache/catalina/authenticator/SpnegoAuthenticator.java, 330, 341,tomcat/java/org/apache/catalina/authenticator/SpnegoAuthenticator.java,330,341,inner class generates the same method after decompiled
tomcat/java/org/apache/catalina/tribes/transport/PooledSender.java, 98, 123,tomcat/java/org/apache/catalina/tribes/transport/PooledSender.java,98,123,inner class generates the same method after decompiled
tomcat/java/org/apache/catalina/valves/ExtendedAccessLogValve.java, 254, 294,tomcat/java/org/apache/catalina/valves/ExtendedAccessLogValve.java,254,294,inner class generates the same method after decompiled
tomcat/java/org/apache/jasper/compiler/Generator.java, 1954, 1988,tomcat/java/org/apache/jasper/compiler/Generator.java,1954,1988,inner class generates the same method after decompiled
tomcat/java/org/apache/catalina/tribes/group/RpcChannel.java, 187, 202,tomcat/java/org/apache/catalina/tribes/group/RpcChannel.java,187,202,inner class generates the same method after decompiled
tomcat/java/org/apache/tomcat/util/digester/Digester.java, 60, 69,tomcat/java/org/apache/tomcat/util/digester/Digester.java,60,69,inner class generates the same method after decompiled
tomcat/java/org/apache/catalina/filters/AddDefaultCharsetFilter.java, 56, 67,tomcat/java/org/apache/catalina/filters/AddDefaultCharsetFilter.java,56,67,inner class generates the same method after decompiled
tomcat/java/org/apache/catalina/authenticator/DigestAuthenticator.java, 239, 335,tomcat/java/org/apache/catalina/authenticator/DigestAuthenticator.java,239,335,inner class generates the same method after decompiled
tomcat/java/org/apache/jasper/compiler/Generator.java, 150, 162,tomcat/java/org/apache/jasper/compiler/Generator.java,150,162,inner class generates the same method after decompiled
tomcat/java/org/apache/jasper/compiler/TextOptimizer.java, 41, 54,tomcat/java/org/apache/jasper/compiler/TextOptimizer.java,41,54,inner class generates the same method after decompiled
tomcat/java/org/apache/catalina/tribes/group/AbsoluteOrder.java, 63, 72,tomcat/java/org/apache/catalina/tribes/group/AbsoluteOrder.java,63,72,inner class generates the same method after decompiled
tomcat/java/org/apache/catalina/authenticator/SpnegoAuthenticator.java, 271, 322,tomcat/java/org/apache/catalina/authenticator/SpnegoAuthenticator.java,271,322,inner class generates the same method after decompiled
tomcat/java/org/apache/el/lang/ExpressionBuilder.java, 218, 230,tomcat/java/org/apache/el/lang/ExpressionBuilder.java,218,230,inner class generates the same method after decompiled
tomcat/java/javax/servlet/jsp/el/ImplicitObjectELResolver.java, 357, 391,tomcat/java/javax/servlet/jsp/el/ImplicitObjectELResolver.java,357,391,inner class generates the same method after decompiled
tomcat/java/org/apache/jasper/compiler/ELFunctionMapper.java, 199, 214,tomcat/java/org/apache/jasper/compiler/ELFunctionMapper.java,199,214,inner class generates the same method after decompiled
tomcat/modules/jdbc-pool/src/main/java/org/apache/tomcat/jdbc/pool/PoolProperties.java, 606, 615,tomcat/modules/jdbc-pool/src/main/java/org/apache/tomcat/jdbc/pool/PoolProperties.java,606,615,inner class generates the same method after decompiled
tomcat/java/org/apache/jasper/compiler/Generator.java, 2042, 2094,tomcat/java/org/apache/jasper/compiler/Generator.java,2042,2094,inner class generates the same method after decompiled
tomcat/java/org/apache/jasper/compiler/Validator.java, 1215, 1225,tomcat/java/org/apache/jasper/compiler/Validator.java,1215,1225,inner class generates the same method after decompiled
tomcat/modules/jdbc-pool/src/main/java/org/apache/tomcat/jdbc/pool/interceptor/StatementDecoratorInterceptor.java, 140, 179,tomcat/modules/jdbc-pool/src/main/java/org/apache/tomcat/jdbc/pool/interceptor/StatementDecoratorInterceptor.java,140,179,inner class generates the same method after decompiled
tomcat/java/org/apache/jasper/compiler/Validator.java, 607, 626,tomcat/java/org/apache/jasper/compiler/Validator.java,607,626,inner class generates the same method after decompiled
tomcat/java/javax/servlet/jsp/el/ImplicitObjectELResolver.java, 163, 185,tomcat/java/javax/servlet/jsp/el/ImplicitObjectELResolver.java,163,185,inner class generates the same method after decompiled
tomcat/java/org/apache/tomcat/util/net/Nio2Endpoint.java, 762, 778,tomcat/java/org/apache/tomcat/util/net/Nio2Endpoint.java,762,778,inner class generates the same method after decompiled
tomcat/java/org/apache/jasper/runtime/JspFactoryImpl.java, 98, 109,tomcat/java/org/apache/jasper/runtime/JspFactoryImpl.java,98,109,inner class generates the same method after decompiled
tomcat/java/org/apache/jasper/compiler/PageDataImpl.java, 391, 404,tomcat/java/org/apache/jasper/compiler/PageDataImpl.java,391,404,inner class generates the same method after decompiled
tomcat/java/org/apache/catalina/authenticator/DigestAuthenticator.java, 213, 238,tomcat/java/org/apache/catalina/authenticator/DigestAuthenticator.java,213,238,inner class generates the same method after decompiled
tomcat/java/org/apache/catalina/servlets/CGIServlet.java, 493, 541,tomcat/java/org/apache/catalina/servlets/CGIServlet.java,493,541,inner class generates the same method after decompiled
tomcat/java/org/apache/jasper/compiler/Generator.java, 677, 706,tomcat/java/org/apache/jasper/compiler/Generator.java,677,706,inner class generates the same method after decompiled
tomcat/java/org/apache/jasper/compiler/Node.java, 290, 302,tomcat/java/org/apache/jasper/compiler/Node.java,290,302,inner class generates the same method after decompiled
tomcat/java/org/apache/tomcat/util/net/Nio2Endpoint.java, 882, 913,tomcat/java/org/apache/tomcat/util/net/Nio2Endpoint.java,882,913,inner class generates the same method after decompiled
tomcat/java/org/apache/jasper/compiler/Generator.java, 2490, 2519,tomcat/java/org/apache/jasper/compiler/Generator.java,2490,2519,inner class generates the same method after decompiled
tomcat/java/javax/servlet/jsp/el/ImplicitObjectELResolver.java, 219, 235,tomcat/java/javax/servlet/jsp/el/ImplicitObjectELResolver.java,219,235,inner class generates the same method after decompiled
tomcat/java/org/apache/catalina/valves/AbstractAccessLogValve.java, 461, 495,tomcat/java/org/apache/catalina/valves/AbstractAccessLogValve.java,461,495,inner class generates the same method after decompiled
tomcat/java/org/apache/jasper/compiler/Node.java, 1290, 1303,tomcat/java/org/apache/jasper/compiler/Node.java,1290,1303,inner class generates the same method after decompiled
tomcat/java/org/apache/jasper/compiler/Node.java, 999, 1011,tomcat/java/org/apache/jasper/compiler/Node.java,999,1011,inner class generates the same method after decompiled
tomcat/java/org/apache/tomcat/util/net/Nio2Endpoint.java, 561, 571,tomcat/java/org/apache/tomcat/util/net/Nio2Endpoint.java,561,571,inner class generates the same method after decompiled
tomcat/java/org/apache/jasper/compiler/PageDataImpl.java, 176, 191,tomcat/java/org/apache/jasper/compiler/PageDataImpl.java,176,191,inner class generates the same method after decompiled
tomcat/webapps/examples/WEB-INF/classes/async/Stockticker.java, 128, 138,tomcat/webapps/examples/WEB-INF/classes/async/Stockticker.java,128,138,inner class generates the same method after decompiled
tomcat/java/org/apache/jasper/compiler/SmapStratum.java, 43, 61,tomcat/java/org/apache/jasper/compiler/SmapStratum.java,43,61,inner class generates the same method after decompiled
tomcat/modules/jdbc-pool/src/main/java/org/apache/tomcat/jdbc/pool/MultiLockFairBlockingQueue.java, 249, 258,tomcat/modules/jdbc-pool/src/main/java/org/apache/tomcat/jdbc/pool/MultiLockFairBlockingQueue.java,249,258,inner class generates the same method after decompiled
tomcat/java/org/apache/jasper/compiler/Validator.java, 184, 240,tomcat/java/org/apache/jasper/compiler/Validator.java,184,240,inner class generates the same method after decompiled
tomcat/java/org/apache/jasper/compiler/Node.java, 1066, 1077,tomcat/java/org/apache/jasper/compiler/Node.java,1066,1077,inner class generates the same method after decompiled
tomcat/java/org/apache/tomcat/util/net/NioEndpoint.java, 878, 896,tomcat/java/org/apache/tomcat/util/net/NioEndpoint.java,878,896,inner class generates the same method after decompiled
tomcat/java/org/apache/jasper/compiler/PageDataImpl.java, 279, 307,tomcat/java/org/apache/jasper/compiler/PageDataImpl.java,279,307,inner class generates the same method after decompiled
tomcat/java/org/apache/tomcat/util/net/Nio2Endpoint.java, 511, 521,tomcat/java/org/apache/tomcat/util/net/Nio2Endpoint.java,511,521,inner class generates the same method after decompiled
tomcat/java/org/apache/jasper/compiler/Generator.java, 187, 216,tomcat/java/org/apache/jasper/compiler/Generator.java,187,216,inner class generates the same method after decompiled
tomcat/java/org/apache/coyote/http2/HPackHuffman.java, 447, 462,tomcat/java/org/apache/coyote/http2/HPackHuffman.java,447,462,inner class generates the same method after decompiled
tomcat/java/org/apache/tomcat/dbcp/pool2/impl/GenericKeyedObjectPool.java, 814, 826,tomcat/java/org/apache/tomcat/dbcp/pool2/impl/GenericKeyedObjectPool.java,814,826,inner class generates the same method after decompiled
tomcat/java/org/apache/tomcat/util/net/NioBlockingSelector.java, 190, 201,tomcat/java/org/apache/tomcat/util/net/NioBlockingSelector.java,190,201,inner class generates the same method after decompiled
tomcat/java/org/apache/juli/ClassLoaderLogManager.java, 428, 451,tomcat/java/org/apache/juli/ClassLoaderLogManager.java,428,451,inner class generates the same method after decompiled
tomcat/java/org/apache/jasper/compiler/Generator.java, 786, 797,tomcat/java/org/apache/jasper/compiler/Generator.java,786,797,inner class generates the same method after decompiled
tomcat/java/org/apache/tomcat/util/net/Nio2Endpoint.java, 932, 945,tomcat/java/org/apache/tomcat/util/net/Nio2Endpoint.java,932,945,inner class generates the same method after decompiled
tomcat/java/org/apache/jasper/compiler/Validator.java, 1108, 1130,tomcat/java/org/apache/jasper/compiler/Validator.java,1108,1130,inner class generates the same method after decompiled
tomcat/java/org/apache/catalina/valves/StuckThreadDetectionValve.java, 171, 181,tomcat/java/org/apache/catalina/valves/StuckThreadDetectionValve.java,171,181,inner class generates the same method after decompiled
tomcat/java/org/apache/catalina/servlets/CGIServlet.java, 233, 244,tomcat/java/org/apache/catalina/servlets/CGIServlet.java,233,244,inner class generates the same method after decompiled
tomcat/java/org/apache/catalina/filters/RemoteIpFilter.java, 65, 83,tomcat/java/org/apache/catalina/filters/RemoteIpFilter.java,65,83,inner class generates the same method after decompiled
tomcat/java/org/apache/tomcat/dbcp/pool2/PoolUtils.java, 275, 284,tomcat/java/org/apache/tomcat/dbcp/pool2/PoolUtils.java,275,284,inner class generates the same method after decompiled
tomcat/java/javax/servlet/jsp/el/ImplicitObjectELResolver.java, 405, 414,tomcat/java/javax/servlet/jsp/el/ImplicitObjectELResolver.java,405,414,inner class generates the same method after decompiled
tomcat/java/org/apache/jasper/compiler/Validator.java, 1275, 1335,tomcat/java/org/apache/jasper/compiler/Validator.java,1275,1335,inner class generates the same method after decompiled
tomcat/java/org/apache/tomcat/util/collections/ManagedConcurrentWeakHashMap.java, 168, 186,tomcat/java/org/apache/tomcat/util/collections/ManagedConcurrentWeakHashMap.java,168,186,inner class generates the same method after decompiled
tomcat/java/javax/servlet/jsp/el/ImplicitObjectELResolver.java, 304, 318,tomcat/java/javax/servlet/jsp/el/ImplicitObjectELResolver.java,304,318,inner class generates the same method after decompiled
tomcat/java/org/apache/jasper/compiler/Validator.java, 978, 1021,tomcat/java/org/apache/jasper/compiler/Validator.java,978,1021,inner class generates the same method after decompiled
tomcat/java/org/apache/jasper/compiler/Validator.java, 1175, 1214,tomcat/java/org/apache/jasper/compiler/Validator.java,1175,1214,inner class generates the same method after decompiled
tomcat/java/org/apache/jasper/compiler/Generator.java, 3083, 3105,tomcat/java/org/apache/jasper/compiler/Generator.java,3083,3105,inner class generates the same method after decompiled
tomcat/modules/jdbc-pool/src/main/java/org/apache/tomcat/jdbc/pool/FairBlockingQueue.java, 238, 247,tomcat/modules/jdbc-pool/src/main/java/org/apache/tomcat/jdbc/pool/FairBlockingQueue.java,238,247,inner class generates the same method after decompiled
tomcat/java/org/apache/catalina/core/StandardContext.java, 2221, 2242,tomcat/java/org/apache/catalina/core/StandardContext.java,2221,2242,inner class generates the same method after decompiled
tomcat/java/org/apache/jasper/compiler/Validator.java, 783, 795,tomcat/java/org/apache/jasper/compiler/Validator.java,783,795,inner class generates the same method after decompiled
tomcat/java/org/apache/jasper/compiler/Validator.java, 629, 689,tomcat/java/org/apache/jasper/compiler/Validator.java,629,689,inner class generates the same method after decompiled
tomcat/java/org/apache/jasper/compiler/Generator.java, 2312, 2393,tomcat/java/org/apache/jasper/compiler/Generator.java,2312,2393,inner class generates the same method after decompiled
tomcat/java/org/apache/jasper/compiler/Node.java, 1259, 1268,tomcat/java/org/apache/jasper/compiler/Node.java,1259,1268,inner class generates the same method after decompiled
tomcat/java/org/apache/tomcat/util/descriptor/tld/TldRuleSet.java, 130, 170,tomcat/java/org/apache/tomcat/util/descriptor/tld/TldRuleSet.java,130,170,inner class generates the same method after decompiled
tomcat/java/org/apache/tomcat/util/net/Nio2Endpoint.java, 363, 413,tomcat/java/org/apache/tomcat/util/net/Nio2Endpoint.java,363,413,inner class generates the same method after decompiled
tomcat/java/org/apache/catalina/valves/AbstractAccessLogValve.java, 442, 460,tomcat/java/org/apache/catalina/valves/AbstractAccessLogValve.java,442,460,inner class generates the same method after decompiled
tomcat/java/org/apache/tomcat/util/net/Nio2Endpoint.java, 1035, 1044,tomcat/java/org/apache/tomcat/util/net/Nio2Endpoint.java,1035,1044,inner class generates the same method after decompiled
tomcat/java/org/apache/jasper/compiler/PageDataImpl.java, 365, 382,tomcat/java/org/apache/jasper/compiler/PageDataImpl.java,365,382,inner class generates the same method after decompiled
tomcat/java/org/apache/tomcat/util/collections/ManagedConcurrentWeakHashMap.java, 40, 59,tomcat/java/org/apache/tomcat/util/collections/ManagedConcurrentWeakHashMap.java,40,59,inner class generates the same method after decompiled
tomcat/java/org/apache/tomcat/dbcp/pool2/PoolUtils.java, 381, 390,tomcat/java/org/apache/tomcat/dbcp/pool2/PoolUtils.java,381,390,inner class generates the same method after decompiled
tomcat/modules/jdbc-pool/src/main/java/org/apache/tomcat/jdbc/pool/MultiLockFairBlockingQueue.java, 260, 273,tomcat/modules/jdbc-pool/src/main/java/org/apache/tomcat/jdbc/pool/MultiLockFairBlockingQueue.java,260,273,inner class generates the same method after decompiled
tomcat/java/org/apache/catalina/tribes/group/interceptors/FragmentationInterceptor.java, 141, 155,tomcat/java/org/apache/catalina/tribes/group/interceptors/FragmentationInterceptor.java,141,155,inner class generates the same method after decompiled
tomcat/java/org/apache/jasper/compiler/Validator.java, 503, 533,tomcat/java/org/apache/jasper/compiler/Validator.java,503,533,inner class generates the same method after decompiled
tomcat/java/org/apache/jasper/compiler/Generator.java, 1667, 1677,tomcat/java/org/apache/jasper/compiler/Generator.java,1667,1677,inner class generates the same method after decompiled
tomcat/java/javax/servlet/jsp/el/ImplicitObjectELResolver.java, 280, 303,tomcat/java/javax/servlet/jsp/el/ImplicitObjectELResolver.java,280,303,inner class generates the same method after decompiled
tomcat/java/org/apache/tomcat/util/net/NioEndpoint.java, 863, 876,tomcat/java/org/apache/tomcat/util/net/NioEndpoint.java,863,876,inner class generates the same method after decompiled
tomcat/java/org/apache/catalina/tribes/util/ExecutorFactory.java, 39, 50,tomcat/java/org/apache/catalina/tribes/util/ExecutorFactory.java,39,50,inner class generates the same method after decompiled
tomcat/java/org/apache/catalina/filters/CsrfPreventionFilter.java, 96, 125,tomcat/java/org/apache/catalina/filters/CsrfPreventionFilter.java,96,125,inner class generates the same method after decompiled
tomcat/modules/jdbc-pool/src/main/java/org/apache/tomcat/jdbc/pool/FairBlockingQueue.java, 289, 299,tomcat/modules/jdbc-pool/src/main/java/org/apache/tomcat/jdbc/pool/FairBlockingQueue.java,289,299,inner class generates the same method after decompiled
tomcat/java/org/apache/el/lang/FunctionMapperImpl.java, 50, 60,tomcat/java/org/apache/el/lang/FunctionMapperImpl.java,50,60,inner class generates the same method after decompiled
tomcat/java/org/apache/jasper/compiler/Validator.java, 729, 781,tomcat/java/org/apache/jasper/compiler/Validator.java,729,781,inner class generates the same method after decompiled
tomcat/java/org/apache/catalina/core/StandardContext.java, 2210, 2220,tomcat/java/org/apache/catalina/core/StandardContext.java,2210,2220,inner class generates the same method after decompiled
tomcat/java/org/apache/juli/OneLineFormatter.java, 22, 31,tomcat/java/org/apache/juli/OneLineFormatter.java,22,31,inner class generates the same method after decompiled
tomcat/java/org/apache/tomcat/websocket/server/WsWriteTimeout.java, 61, 72,tomcat/java/org/apache/tomcat/websocket/server/WsWriteTimeout.java,61,72,inner class generates the same method after decompiled
tomcat/java/javax/el/CompositeELResolver.java, 149, 165,tomcat/java/javax/el/CompositeELResolver.java,149,165,inner class generates the same method after decompiled
tomcat/java/org/apache/el/stream/Stream.java, 373, 385,tomcat/java/org/apache/el/stream/Stream.java,373,385,inner class generates the same method after decompiled
tomcat/java/org/apache/jasper/compiler/PageDataImpl.java, 434, 466,tomcat/java/org/apache/jasper/compiler/PageDataImpl.java,434,466,inner class generates the same method after decompiled
tomcat/java/org/apache/tomcat/util/net/Nio2Endpoint.java, 472, 509,tomcat/java/org/apache/tomcat/util/net/Nio2Endpoint.java,472,509,inner class generates the same method after decompiled
tomcat/java/org/apache/jasper/compiler/Generator.java, 685, 695,tomcat/java/org/apache/jasper/compiler/Generator.java,685,695,inner class generates the same method after decompiled
tomcat/java/org/apache/jasper/compiler/Generator.java, 1792, 1815,tomcat/java/org/apache/jasper/compiler/Generator.java,1792,1815,inner class generates the same method after decompiled
tomcat/java/org/apache/jasper/xmlparser/XMLEncodingDetector.java, 571, 592,tomcat/java/org/apache/jasper/xmlparser/XMLEncodingDetector.java,571,592,inner class generates the same method after decompiled
tomcat/java/org/apache/tomcat/dbcp/pool2/impl/BaseGenericObjectPool.java, 419, 429,tomcat/java/org/apache/tomcat/dbcp/pool2/impl/BaseGenericObjectPool.java,419,429,inner class generates the same method after decompiled
tomcat/modules/jdbc-pool/src/main/java/org/apache/tomcat/jdbc/pool/PoolProperties.java, 626, 635,tomcat/modules/jdbc-pool/src/main/java/org/apache/tomcat/jdbc/pool/PoolProperties.java,626,635,inner class generates the same method after decompiled
tomcat/modules/jdbc-pool/src/main/java/org/apache/tomcat/jdbc/pool/interceptor/StatementCache.java, 256, 278,tomcat/modules/jdbc-pool/src/main/java/org/apache/tomcat/jdbc/pool/interceptor/StatementCache.java,256,278,inner class generates the same method after decompiled
tomcat/java/org/apache/jasper/compiler/Validator.java, 278, 292,tomcat/java/org/apache/jasper/compiler/Validator.java,278,292,inner class generates the same method after decompiled
tomcat/java/org/apache/jasper/compiler/Generator.java, 3024, 3047,tomcat/java/org/apache/jasper/compiler/Generator.java,3024,3047,inner class generates the same method after decompiled
tomcat/java/org/apache/jasper/compiler/Node.java, 1340, 1355,tomcat/java/org/apache/jasper/compiler/Node.java,1340,1355,inner class generates the same method after decompiled
tomcat/java/org/apache/jasper/xmlparser/XMLEncodingDetector.java, 594, 620,tomcat/java/org/apache/jasper/xmlparser/XMLEncodingDetector.java,594,620,inner class generates the same method after decompiled
tomcat/java/org/apache/tomcat/util/net/Nio2Endpoint.java, 858, 877,tomcat/java/org/apache/tomcat/util/net/Nio2Endpoint.java,858,877,inner class generates the same method after decompiled
tomcat/modules/jdbc-pool/src/main/java/org/apache/tomcat/jdbc/pool/PoolProperties.java, 651, 660,tomcat/modules/jdbc-pool/src/main/java/org/apache/tomcat/jdbc/pool/PoolProperties.java,651,660,inner class generates the same method after decompiled
tomcat/java/org/apache/catalina/tribes/transport/PooledSender.java, 143, 158,tomcat/java/org/apache/catalina/tribes/transport/PooledSender.java,143,158,inner class generates the same method after decompiled
tomcat/java/org/apache/catalina/core/ApplicationHttpRequest.java, 433, 443,tomcat/java/org/apache/catalina/core/ApplicationHttpRequest.java,433,443,inner class generates the same method after decompiled
tomcat/java/org/apache/jasper/compiler/Generator.java, 2463, 2489,tomcat/java/org/apache/jasper/compiler/Generator.java,2463,2489,inner class generates the same method after decompiled
tomcat/java/org/apache/tomcat/util/net/NioBlockingSelector.java, 202, 233,tomcat/java/org/apache/tomcat/util/net/NioBlockingSelector.java,202,233,inner class generates the same method after decompiled
tomcat/java/org/apache/tomcat/util/net/NioBlockingSelector.java, 284, 293,tomcat/java/org/apache/tomcat/util/net/NioBlockingSelector.java,284,293,inner class generates the same method after decompiled
tomcat/java/org/apache/tomcat/util/collections/CaseInsensitiveKeyMap.java, 110, 122,tomcat/java/org/apache/tomcat/util/collections/CaseInsensitiveKeyMap.java,110,122,inner class generates the same method after decompiled
tomcat/java/org/apache/jasper/compiler/Validator.java, 810, 977,tomcat/java/org/apache/jasper/compiler/Validator.java,810,977,inner class generates the same method after decompiled
tomcat/java/org/apache/catalina/authenticator/DigestAuthenticator.java, 358, 372,tomcat/java/org/apache/catalina/authenticator/DigestAuthenticator.java,358,372,inner class generates the same method after decompiled
tomcat/java/org/apache/catalina/tribes/util/ExecutorFactory.java, 68, 82,tomcat/java/org/apache/catalina/tribes/util/ExecutorFactory.java,68,82,inner class generates the same method after decompiled
tomcat/java/org/apache/tomcat/util/http/fileupload/FileUploadBase.java, 389, 451,tomcat/java/org/apache/tomcat/util/http/fileupload/FileUploadBase.java,389,451,inner class generates the same method after decompiled
tomcat/java/javax/servlet/jsp/el/ImplicitObjectELResolver.java, 186, 218,tomcat/java/javax/servlet/jsp/el/ImplicitObjectELResolver.java,186,218,inner class generates the same method after decompiled
tomcat/java/org/apache/jasper/compiler/Generator.java, 2095, 2134,tomcat/java/org/apache/jasper/compiler/Generator.java,2095,2134,inner class generates the same method after decompiled
tomcat/java/org/apache/catalina/valves/ExtendedAccessLogValve.java, 313, 333,tomcat/java/org/apache/catalina/valves/ExtendedAccessLogValve.java,313,333,inner class generates the same method after decompiled
tomcat/webapps/examples/WEB-INF/classes/util/HTMLFilter.java, 3, 29,tomcat/java/org/apache/catalina/util/RequestUtil.java,3,29
tomcat/java/org/apache/el/lang/FunctionMapperImpl.java, 90, 101,tomcat/java/org/apache/el/lang/FunctionMapperImpl.java,90,101,inner class generates the same method after decompiled
tomcat/java/org/apache/jasper/compiler/PageDataImpl.java, 47, 64,tomcat/java/org/apache/jasper/compiler/PageDataImpl.java,47,64,inner class generates the same method after decompiled
tomcat/java/org/apache/jasper/compiler/Validator.java, 1231, 1246,tomcat/java/org/apache/jasper/compiler/Validator.java,1231,1246,inner class generates the same method after decompiled
tomcat/java/org/apache/jasper/compiler/Node.java, 862, 887,tomcat/java/org/apache/jasper/compiler/Node.java,862,887,inner class generates the same method after decompiled
tomcat/java/org/apache/catalina/tribes/membership/Membership.java, 162, 171,tomcat/java/org/apache/catalina/tribes/membership/Membership.java,162,171,inner class generates the same method after decompiled
tomcat/java/javax/servlet/jsp/el/ImplicitObjectELResolver.java, 334, 356,tomcat/java/javax/servlet/jsp/el/ImplicitObjectELResolver.java,334,356,inner class generates the same method after decompiled
tomcat/java/org/apache/tomcat/util/net/Nio2Endpoint.java, 1152, 1161,tomcat/java/org/apache/tomcat/util/net/Nio2Endpoint.java,1152,1161,inner class generates the same method after decompiled
tomcat/java/org/apache/tomcat/dbcp/pool2/impl/LinkedBlockingDeque.java, 602, 615,tomcat/java/org/apache/tomcat/dbcp/pool2/impl/LinkedBlockingDeque.java,602,615,inner class generates the same method after decompiled
tomcat/java/org/apache/jasper/compiler/Generator.java, 2394, 2451,tomcat/java/org/apache/jasper/compiler/Generator.java,2394,2451,inner class generates the same method after decompiled
tomcat/java/org/apache/tomcat/util/net/Nio2Endpoint.java, 729, 760,tomcat/java/org/apache/tomcat/util/net/Nio2Endpoint.java,729,760,inner class generates the same method after decompiled
tomcat/java/org/apache/tomcat/dbcp/pool2/PoolUtils.java, 370, 379,tomcat/java/org/apache/tomcat/dbcp/pool2/PoolUtils.java,370,379,inner class generates the same method after decompiled
tomcat/java/org/apache/jasper/compiler/Validator.java, 404, 417,tomcat/java/org/apache/jasper/compiler/Validator.java,404,417,inner class generates the same method after decompiled
tomcat/java/javax/servlet/jsp/el/ImplicitObjectELResolver.java, 262, 276,tomcat/java/javax/servlet/jsp/el/ImplicitObjectELResolver.java,262,276,inner class generates the same method after decompiled
tomcat/java/org/apache/catalina/core/ApplicationHttpRequest.java, 450, 466,tomcat/java/org/apache/catalina/core/ApplicationHttpRequest.java,450,466,inner class generates the same method after decompiled
tomcat/java/org/apache/tomcat/util/net/NioBlockingSelector.java, 175, 184,tomcat/java/org/apache/tomcat/util/net/NioBlockingSelector.java,175,184,inner class generates the same method after decompiled
tomcat/java/org/apache/catalina/filters/RemoteIpFilter.java, 178, 195,tomcat/java/org/apache/catalina/core/ApplicationHttpRequest.java,200,217,similar getter
tomcat/java/org/apache/catalina/valves/ExtendedAccessLogValve.java, 223, 232,tomcat/java/org/apache/catalina/valves/ExtendedAccessLogValve.java,223,232,inner class generates the same method after decompiled
tomcat/java/org/apache/jasper/compiler/Generator.java, 3129, 3138,tomcat/java/org/apache/jasper/compiler/Generator.java,3129,3138,inner class generates the same method after decompiled
tomcat/java/org/apache/tomcat/util/net/Nio2Endpoint.java, 1097, 1136,tomcat/java/org/apache/tomcat/util/net/Nio2Endpoint.java,1097,1136,inner class generates the same method after decompiled
tomcat/java/org/apache/jasper/compiler/PageDataImpl.java, 96, 113,tomcat/java/org/apache/jasper/compiler/PageDataImpl.java,96,113,inner class generates the same method after decompiled
tomcat/java/org/apache/el/lang/ExpressionBuilder.java, 240, 249,tomcat/java/org/apache/el/lang/ExpressionBuilder.java,240,249,inner class generates the same method after decompiled
tomcat/java/org/apache/jasper/compiler/Generator.java, 1633, 1665,tomcat/java/org/apache/jasper/compiler/Generator.java,1633,1665,inner class generates the same method after decompiled
tomcat/java/org/apache/jasper/compiler/Generator.java, 1583, 1594,tomcat/java/org/apache/jasper/compiler/Generator.java,1583,1594,inner class generates the same method after decompiled
tomcat/java/org/apache/jasper/compiler/Validator.java, 454, 470,tomcat/java/org/apache/jasper/compiler/Validator.java,454,470,inner class generates the same method after decompiled
tomcat/java/org/apache/tomcat/util/net/Nio2Endpoint.java, 712, 723,tomcat/java/org/apache/tomcat/util/net/Nio2Endpoint.java,712,723,inner class generates the same method after decompiled
tomcat/java/org/apache/catalina/core/StandardEngine.java, 229, 238,tomcat/java/org/apache/catalina/core/StandardEngine.java,229,238,inner class generates the same method after decompiled
tomcat/java/org/apache/jasper/compiler/PageDataImpl.java, 410, 433,tomcat/java/org/apache/jasper/compiler/PageDataImpl.java,410,433,inner class generates the same method after decompiled
tomcat/java/org/apache/jasper/compiler/Generator.java, 1989, 2041,tomcat/java/org/apache/jasper/compiler/Generator.java,1989,2041,inner class generates the same method after decompiled
tomcat/java/org/apache/tomcat/util/net/Nio2Endpoint.java, 1046, 1055,tomcat/java/org/apache/tomcat/util/net/Nio2Endpoint.java,1046,1055,inner class generates the same method after decompiled
tomcat/java/javax/el/Util.java, 562, 574,tomcat/java/javax/el/Util.java,562,574,inner class generates the same method after decompiled
tomcat/java/org/apache/tomcat/util/net/NioEndpoint.java, 939, 961,tomcat/java/org/apache/tomcat/util/net/NioEndpoint.java,939,961,inner class generates the same method after decompiled
tomcat/java/org/apache/jasper/compiler/Validator.java, 797, 809,tomcat/java/org/apache/jasper/compiler/Validator.java,797,809,inner class generates the same method after decompiled
tomcat/java/org/apache/catalina/authenticator/BasicAuthenticator.java, 98, 122,tomcat/java/org/apache/catalina/authenticator/BasicAuthenticator.java,98,122,inner class generates the same method after decompiled
tomcat/java/org/apache/jasper/compiler/Generator.java, 2571, 2607,tomcat/java/org/apache/jasper/compiler/Generator.java,2571,2607,inner class generates the same method after decompiled
tomcat/java/org/apache/jasper/compiler/Validator.java, 564, 582,tomcat/java/org/apache/jasper/compiler/Validator.java,564,582,inner class generates the same method after decompiled
tomcat/java/org/apache/jasper/compiler/Generator.java, 2283, 2311,tomcat/java/org/apache/jasper/compiler/Generator.java,2283,2311,inner class generates the same method after decompiled
tomcat/java/org/apache/catalina/tribes/group/AbsoluteOrder.java, 47, 59,tomcat/java/org/apache/catalina/tribes/group/AbsoluteOrder.java,47,59,inner class generates the same method after decompiled
tomcat/java/org/apache/tomcat/dbcp/pool2/PoolUtils.java, 175, 189,tomcat/java/org/apache/tomcat/dbcp/pool2/PoolUtils.java,175,189,inner class generates the same method after decompiled
tomcat/java/org/apache/jasper/compiler/Generator.java, 1363, 1407,tomcat/java/org/apache/jasper/compiler/Generator.java,1363,1407,inner class generates the same method after decompiled
tomcat/modules/jdbc-pool/src/main/java/org/apache/tomcat/jdbc/pool/interceptor/SlowQueryReport.java, 311, 323,tomcat/modules/jdbc-pool/src/main/java/org/apache/tomcat/jdbc/pool/interceptor/SlowQueryReport.java,311,323,inner class generates the same method after decompiled
tomcat/java/org/apache/catalina/valves/AbstractAccessLogValve.java, 155, 173,tomcat/java/org/apache/catalina/valves/AbstractAccessLogValve.java,155,173,inner class generates the same method after decompiled
tomcat/java/javax/servlet/jsp/el/ImplicitObjectELResolver.java, 236, 261,tomcat/java/javax/servlet/jsp/el/ImplicitObjectELResolver.java,236,261,inner class generates the same method after decompiled
tomcat/java/org/apache/catalina/valves/ExtendedAccessLogValve.java, 295, 312,tomcat/java/org/apache/catalina/valves/ExtendedAccessLogValve.java,295,312,inner class generates the same method after decompiled
tomcat/java/org/apache/naming/factory/DataSourceLinkFactory.java, 73, 90,tomcat/java/org/apache/naming/factory/DataSourceLinkFactory.java,73,90,inner class generates the same method after decompiled
tomcat/java/org/apache/catalina/ha/deploy/WarWatcher.java, 19, 54,tomcat/java/org/apache/catalina/ha/deploy/WarWatcher.java,19,54,inner class generates the same method after decompiled
tomcat/java/org/apache/tomcat/util/http/fileupload/FileUploadBase.java, 460, 472,tomcat/java/org/apache/tomcat/util/http/fileupload/FileUploadBase.java,460,472,inner class generates the same method after decompiled
tomcat/java/org/apache/jasper/compiler/Node.java, 1078, 1096,tomcat/java/org/apache/jasper/compiler/Node.java,1078,1096,inner class generates the same method after decompiled
tomcat/java/org/apache/jasper/security/SecurityUtil.java, 12, 38,tomcat/java/org/apache/catalina/util/RequestUtil.java,3,29
tomcat/java/org/apache/jasper/compiler/PageDataImpl.java, 308, 354,tomcat/java/org/apache/jasper/compiler/PageDataImpl.java,308,354,inner class generates the same method after decompiled
tomcat/modules/jdbc-pool/src/main/java/org/apache/tomcat/jdbc/pool/PoolProperties.java, 596, 605,tomcat/modules/jdbc-pool/src/main/java/org/apache/tomcat/jdbc/pool/PoolProperties.java,596,605,inner class generates the same method after decompiled
tomcat/java/org/apache/jasper/compiler/Validator.java, 691, 727,tomcat/java/org/apache/jasper/compiler/Validator.java,691,727,inner class generates the same method after decompiled
tomcat/java/org/apache/catalina/tribes/tipis/AbstractReplicatedMap.java, 1206, 1216,tomcat/java/org/apache/catalina/tribes/tipis/AbstractReplicatedMap.java,1227,1237
tomcat/java/org/apache/coyote/http2/HpackEncoder.java, 255, 264,tomcat/java/org/apache/coyote/http2/HpackEncoder.java,255,264,inner class generates the same method after decompiled
tomcat/java/org/apache/jasper/runtime/JspContextWrapper.java, 404, 423,tomcat/java/org/apache/jasper/runtime/JspContextWrapper.java,404,423,inner class generates the same method after decompiled
tomcat/java/javax/servlet/jsp/el/ImplicitObjectELResolver.java, 319, 333,tomcat/java/javax/servlet/jsp/el/ImplicitObjectELResolver.java,319,333,inner class generates the same method after decompiled
tomcat/java/org/apache/catalina/authenticator/SpnegoAuthenticator.java, 345, 376,tomcat/java/org/apache/catalina/authenticator/SpnegoAuthenticator.java,345,376,inner class generates the same method after decompiled
tomcat/java/org/apache/tomcat/dbcp/pool2/PoolUtils.java, 264, 273,tomcat/java/org/apache/tomcat/dbcp/pool2/PoolUtils.java,264,273,inner class generates the same method after decompiled
tomcat/java/org/apache/jasper/compiler/PageDataImpl.java, 355, 364,tomcat/java/org/apache/jasper/compiler/PageDataImpl.java,355,364,inner class generates the same method after decompiled
tomcat/java/org/apache/tomcat/dbcp/pool2/PoolUtils.java, 327, 336,tomcat/java/org/apache/tomcat/dbcp/pool2/PoolUtils.java,327,336,inner class generates the same method after decompiled
tomcat/java/org/apache/jasper/compiler/Generator.java, 635, 646,tomcat/java/org/apache/jasper/compiler/Generator.java,635,646,inner class generates the same method after decompiled
tomcat/java/org/apache/catalina/core/ApplicationHttpRequest.java, 467, 476,tomcat/java/org/apache/catalina/core/ApplicationHttpRequest.java,467,476,inner class generates the same method after decompiled
tomcat/java/org/apache/jasper/compiler/Node.java, 1356, 1375,tomcat/java/org/apache/jasper/compiler/Node.java,1356,1375,inner class generates the same method after decompiled
tomcat/java/org/apache/el/util/ReflectionUtil.java, 339, 351,tomcat/java/org/apache/el/util/ReflectionUtil.java,339,351,inner class generates the same method after decompiled
tomcat/java/org/apache/jasper/compiler/Collector.java, 106, 118,tomcat/java/org/apache/jasper/compiler/Collector.java,106,118,inner class generates the same method after decompiled
tomcat/java/org/apache/jasper/xmlparser/XMLEncodingDetector.java, 647, 656,tomcat/java/org/apache/jasper/xmlparser/XMLEncodingDetector.java,647,656,inner class generates the same method after decompiled
